station_nbr,date,tmax,tmin,tavg,depart,dewpoint,wetbulb,heat,cool,sunrise,sunset,codesum,snowfall,preciptotal,stnpressure,sealevel,resultspeed,resultdir,avgspeed,year,month,day
13,2012-01-01,38.0,18.0,28.0,,12.0,21.0,37.0,0.0,,,MD,,0.0,24.6,30.59,2.5,16.0,6.1,2012,1,1
13,2012-01-02,50.0,16.0,33.0,,17.0,28.0,32.0,0.0,,,MD,,0.0,24.55,30.54,6.1,16.0,6.8,2012,1,2
13,2012-01-03,55.0,31.0,43.0,,16.0,33.0,22.0,0.0,,,MD,,0.0,24.4,30.23,2.9,21.0,6.3,2012,1,3
13,2012-01-04,58.0,27.0,42.5,,16.0,32.0,22.0,0.0,,,MD,,0.0,24.49,30.36,5.5,19.0,6.1,2012,1,4
13,2012-01-05,66.0,35.0,50.5,,21.0,37.0,14.0,0.0,,,MD,,0.0,24.26,30.04,4.2,21.0,5.0,2012,1,5
13,2012-01-06,45.0,25.0,35.0,,22.0,31.0,30.0,0.0,,,MD,,0.0,24.21,30.01,3.6,12.0,6.2,2012,1,6
13,2012-01-07,39.0,22.0,30.5,,23.0,27.0,34.0,0.0,,,SN FG+ FZFG BR,,0.16,24.19,30.07,4.6,33.0,5.9,2012,1,7
13,2012-01-08,33.0,11.0,22.0,,15.0,20.0,43.0,0.0,,,MD,,0.0,24.32,30.29,3.8,18.0,4.6,2012,1,8
13,2012-01-09,47.0,17.0,32.0,,19.0,27.0,33.0,0.0,,,MD,,0.0,24.37,30.31,3.4,18.0,3.9,2012,1,9
13,2012-01-10,56.0,28.0,42.0,,24.0,33.0,23.0,0.0,,,MD,,0.0,24.13,29.96,4.1,16.0,4.5,2012,1,10
13,2012-01-11,41.0,3.0,22.0,,12.0,16.0,43.0,-43.0,,,SN FZFG BR,,0.01,24.24,30.15,5.3,4.0,8.8,2012,1,11
13,2012-01-12,40.0,-1.0,19.5,,3.0,18.0,45.0,0.0,,,MD,,0.0,24.24,30.23,3.2,25.0,6.5,2012,1,12
13,2012-01-13,44.0,19.0,31.5,,7.0,25.0,33.0,0.0,,,MD,,0.0,24.23,30.11,7.4,26.0,8.6,2012,1,13
13,2012-01-14,53.0,20.0,36.5,,12.0,30.0,28.0,0.0,,,MD,,0.0,24.24,30.08,8.0,20.0,9.4,2012,1,14
13,2012-01-15,54.0,33.0,43.5,,12.0,33.0,21.0,0.0,,,MD,,0.0,24.01,29.75,11.1,22.0,12.1,2012,1,15
13,2012-01-16,41.0,16.0,28.5,,17.0,24.0,36.0,0.0,,,SN BR,,0.02,23.98,29.76,1.5,32.0,7.1,2012,1,16
13,2012-01-17,27.0,5.0,16.0,,7.0,14.0,49.0,0.0,,,BR,,0.005,24.23,30.22,7.2,13.0,8.0,2012,1,17
13,2012-01-18,45.0,14.0,29.5,,14.0,28.0,35.5,-35.5,,,MD,,0.0,24.05,29.9,4.7,19.0,10.0,2012,1,18
13,2012-01-19,60.0,33.0,46.5,,25.0,38.0,18.0,0.0,,,MD,,0.0,23.95,29.66,2.2,13.0,7.5,2012,1,19
13,2012-01-20,53.0,34.0,43.5,,23.0,35.0,21.0,0.0,,,MD,,0.0,24.06,29.76,2.3,29.0,9.1,2012,1,20
13,2012-01-21,64.0,34.0,49.0,,23.0,37.0,16.0,0.0,,,SN,,0.005,23.75,29.44,13.9,20.0,16.5,2012,1,21
13,2012-01-22,45.0,26.0,35.5,,12.0,29.0,29.0,0.0,,,MD,,0.005,23.93,29.6,10.5,31.0,14.6,2012,1,22
13,2012-01-23,48.0,25.0,36.5,,14.0,28.0,28.0,0.0,,,MD,,0.0,24.05,29.85,6.8,15.0,8.2,2012,1,23
13,2012-01-24,35.0,22.0,28.5,,23.0,28.0,36.0,0.0,,,SN BR,,0.005,24.24,30.09,2.5,33.0,4.6,2012,1,24
13,2012-01-25,61.0,21.0,41.0,,16.0,32.0,24.0,0.0,,,MD,,0.0,24.24,30.08,8.2,28.0,12.5,2012,1,25
13,2012-01-26,54.0,32.0,43.0,,17.0,33.0,22.0,0.0,,,MD,,0.0,24.16,29.91,1.8,23.0,8.4,2012,1,26
13,2012-01-27,43.0,18.0,30.5,,17.0,25.0,34.0,0.0,,,SN BR,,0.005,24.29,30.14,3.3,36.0,8.6,2012,1,27
13,2012-01-28,45.0,15.0,30.0,,5.0,22.0,35.0,0.0,,,MD,,0.0,24.36,30.32,2.6,19.0,5.7,2012,1,28
13,2012-01-29,53.0,26.0,39.5,,15.0,32.0,25.0,0.0,,,MD,,0.0,24.31,30.16,7.0,25.0,8.9,2012,1,29
13,2012-01-30,59.0,31.0,45.0,,15.0,33.0,20.0,0.0,,,MD,,0.0,24.1,29.85,5.4,19.0,7.9,2012,1,30
13,2012-01-31,51.0,25.0,38.0,,15.0,30.0,27.0,0.0,,,MD,,0.0,24.21,30.0,3.1,16.0,5.4,2012,1,31
13,2012-02-01,52.0,25.0,38.5,,11.0,28.0,26.0,0.0,,,MD,,0.0,24.27,30.12,5.9,17.0,7.5,2012,2,1
13,2012-02-02,42.0,29.0,35.5,,17.0,28.0,29.0,0.0,,,SN BR,,0.04,24.16,30.0,5.8,34.0,9.5,2012,2,2
13,2012-02-03,30.0,24.0,27.0,,24.0,25.0,38.0,0.0,,,SN FZFG BR BLSN,,1.33,24.39,30.33,15.8,35.0,15.9,2012,2,3
13,2012-02-04,30.0,11.0,20.5,,18.0,21.0,44.0,0.0,,,SN BR,,0.01,24.51,30.54,1.3,35.0,5.1,2012,2,4
13,2012-02-05,35.0,5.0,20.0,,11.0,16.0,45.0,0.0,,,MD,,0.0,24.39,30.45,2.5,17.0,4.1,2012,2,5
13,2012-02-06,33.0,11.0,22.0,,14.0,21.0,43.0,0.0,,,SN BR,,0.005,24.3,30.27,3.8,33.0,6.2,2012,2,6
13,2012-02-07,24.0,12.0,18.0,,15.0,18.0,47.0,0.0,,,SN BR,,0.01,24.43,30.45,1.5,6.0,3.5,2012,2,7
13,2012-02-08,43.0,9.0,26.0,,15.0,21.0,39.0,0.0,,,MD,,0.0,24.29,30.28,0.6,24.0,3.9,2012,2,8
13,2012-02-09,41.0,20.0,30.5,,18.0,26.0,34.0,0.0,,,MD,,0.005,24.29,30.21,2.6,15.0,5.6,2012,2,9
13,2012-02-10,40.0,15.0,27.5,,17.0,23.0,37.0,0.0,,,SN BR,,0.005,24.31,30.24,1.4,11.0,6.3,2012,2,10
13,2012-02-11,20.0,9.0,14.5,,10.0,13.0,50.0,0.0,,,SN BR,,0.005,24.37,30.41,3.3,33.0,4.2,2012,2,11
13,2012-02-12,31.0,8.0,19.5,,13.0,18.0,45.0,0.0,,,BR,,0.0,23.98,29.95,1.4,35.0,3.4,2012,2,12
13,2012-02-13,38.0,24.0,31.0,,24.0,29.0,34.0,0.0,,,MD,,0.0,23.95,29.77,3.0,13.0,5.0,2012,2,13
13,2012-02-14,47.0,19.0,33.0,,19.0,27.0,32.0,0.0,,,MD,,0.0,23.95,29.77,1.8,21.0,5.3,2012,2,14
13,2012-02-15,33.0,17.0,25.0,,19.0,24.0,40.0,0.0,,,BR,,0.0,24.17,30.05,2.8,14.0,4.8,2012,2,15
13,2012-02-16,44.0,16.0,30.0,,17.0,25.0,35.0,0.0,,,MD,,0.0,24.27,30.21,4.0,16.0,5.8,2012,2,16
13,2012-02-17,43.0,16.0,29.5,,13.0,24.0,35.0,0.0,,,MD,,0.0,24.26,30.15,2.0,12.0,6.1,2012,2,17
13,2012-02-18,40.0,14.0,27.0,,17.0,25.0,38.0,0.0,,,MD,,0.0,24.14,30.06,6.5,15.0,6.9,2012,2,18
13,2012-02-19,48.0,27.0,37.5,,17.0,28.0,27.0,0.0,,,MD,,0.0,23.89,29.69,2.7,24.0,7.6,2012,2,19
13,2012-02-20,37.0,25.0,31.0,,11.0,24.0,34.0,0.0,,,SN BR,,0.005,24.0,29.82,8.4,33.0,11.2,2012,2,20
13,2012-02-21,46.0,21.0,33.5,,14.0,28.0,31.0,0.0,,,MD,,0.0,24.03,29.86,6.0,28.0,9.9,2012,2,21
13,2012-02-22,57.0,38.0,47.5,,22.0,37.0,17.0,0.0,,,MD,,0.0,23.85,29.56,4.2,24.0,9.8,2012,2,22
13,2012-02-23,48.0,13.0,30.5,,19.0,24.0,34.0,0.0,,,SN FZFG BR BLSN,,0.3,24.08,29.86,8.0,35.0,11.5,2012,2,23
13,2012-02-24,34.0,10.0,22.0,,6.0,18.0,43.0,0.0,,,MD,,0.0,24.29,30.26,8.0,17.0,9.0,2012,2,24
13,2012-02-25,57.0,21.0,39.0,,12.0,30.0,26.0,0.0,,,MD,,0.0,23.98,29.78,10.2,21.0,14.6,2012,2,25
13,2012-02-26,39.0,20.0,29.5,,7.0,23.0,35.0,0.0,,,MD,,0.0,24.19,30.02,1.8,6.0,10.5,2012,2,26
13,2012-02-27,44.0,25.0,34.5,,14.0,27.0,30.0,0.0,,,MD,,0.0,24.14,30.03,22.6,16.0,22.9,2012,2,27
13,2012-02-28,44.0,28.0,36.0,,22.0,30.0,29.0,0.0,,,SN BR,,0.04,23.87,29.64,4.9,23.0,12.9,2012,2,28
13,2012-02-29,53.0,24.0,38.5,,12.0,29.0,26.0,0.0,,,MD,,0.0,24.02,29.81,3.2,24.0,8.5,2012,2,29
13,2012-03-01,40.0,24.0,32.0,,19.0,27.0,33.0,0.0,,,SN BR,,0.005,23.94,29.72,4.5,15.0,10.8,2012,3,1
13,2012-03-02,32.0,17.0,24.5,,13.0,20.0,40.0,0.0,,,MD,,0.005,24.13,30.03,0.2,25.0,5.8,2012,3,2
13,2012-03-03,44.0,16.0,30.0,,6.0,25.0,35.0,0.0,,,MD,,0.0,24.2,30.09,14.3,30.0,15.4,2012,3,3
13,2012-03-04,60.0,32.0,46.0,,14.0,34.0,19.0,0.0,,,MD,,0.0,24.29,30.07,9.7,29.0,11.6,2012,3,4
13,2012-03-05,66.0,32.0,49.0,,8.0,35.0,16.0,0.0,,,MD,,0.0,24.17,29.92,8.9,24.0,11.8,2012,3,5
13,2012-03-06,70.0,39.0,54.5,,7.0,36.0,10.0,0.0,,,MD,,0.0,23.85,29.49,14.1,21.0,15.9,2012,3,6
13,2012-03-07,49.0,26.0,37.5,,25.0,28.0,27.0,0.0,,,FZRA FZDZ SN BR,,0.005,24.13,29.91,5.7,2.0,6.8,2012,3,7
13,2012-03-08,45.0,22.0,33.5,,13.0,25.0,31.0,0.0,,,SN,,0.005,24.55,30.5,1.1,9.0,4.1,2012,3,8
13,2012-03-09,58.0,24.0,41.0,,6.0,29.0,24.0,0.0,,,MD,,0.0,24.45,30.36,7.3,17.0,8.1,2012,3,9
13,2012-03-10,62.0,33.0,47.5,,22.0,37.0,17.0,0.0,,,MD,,0.0,24.16,29.93,15.0,16.0,15.2,2012,3,10
13,2012-03-11,62.0,34.0,48.0,,22.0,37.0,17.0,0.0,,,MD,,0.0,23.96,29.66,7.6,30.0,10.4,2012,3,11
13,2012-03-12,66.0,45.0,55.5,,11.0,37.0,9.0,0.0,,,MD,,0.0,24.13,29.8,4.9,21.0,9.5,2012,3,12
13,2012-03-13,72.0,35.0,53.5,,7.0,36.0,11.0,0.0,,,MD,,0.0,24.11,29.81,8.9,21.0,11.1,2012,3,13
13,2012-03-14,71.0,36.0,53.5,,4.0,35.0,11.0,0.0,,,MD,,0.0,24.19,29.88,7.3,20.0,8.8,2012,3,14
13,2012-03-15,69.0,35.0,52.0,,13.0,37.0,13.0,0.0,,,MD,,0.0,24.26,29.99,6.7,18.0,7.8,2012,3,15
13,2012-03-16,73.0,40.0,56.5,,17.0,39.0,8.0,0.0,,,MD,,0.0,24.09,29.77,1.8,21.0,6.4,2012,3,16
13,2012-03-17,72.0,40.0,56.0,,9.0,38.0,9.0,0.0,,,MD,,0.0,23.94,29.57,12.0,19.0,13.6,2012,3,17
13,2012-03-18,66.0,40.0,53.0,,15.0,38.0,12.0,0.0,,,MD,,0.0,23.77,29.36,20.1,20.0,21.7,2012,3,18
13,2012-03-19,50.0,29.0,39.5,,3.0,27.0,25.0,0.0,,,MD,,0.0,23.82,29.52,4.7,30.0,9.4,2012,3,19
13,2012-03-20,48.0,26.0,37.0,,12.0,27.0,28.0,0.0,,,MD,,0.0,24.14,29.95,5.7,1.0,8.2,2012,3,20
13,2012-03-21,60.0,22.0,41.0,,14.0,31.0,24.0,0.0,,,MD,,0.0,24.19,29.99,5.3,1.0,7.4,2012,3,21
13,2012-03-22,64.0,33.0,48.5,,21.0,36.0,16.0,0.0,,,MD,,0.0,24.17,29.92,2.6,36.0,6.9,2012,3,22
13,2012-03-23,75.0,33.0,54.0,,19.0,40.0,11.0,0.0,,,MD,,0.0,24.19,29.9,7.5,15.0,9.2,2012,3,23
13,2012-03-24,70.0,38.0,54.0,,25.0,42.0,11.0,0.0,,,MD,,0.0,24.29,29.98,4.0,9.0,6.7,2012,3,24
13,2012-03-25,76.0,37.0,56.5,,33.0,44.0,8.0,0.0,,,MD,,0.0,24.2,29.92,2.1,21.0,5.7,2012,3,25
13,2012-03-26,77.0,48.0,62.5,,16.0,43.0,2.0,0.0,,,MD,,0.0,23.98,29.59,18.5,22.0,21.0,2012,3,26
13,2012-03-27,70.0,37.0,53.5,,16.0,38.0,11.0,0.0,,,MD,,0.0,24.18,29.86,2.8,10.0,8.7,2012,3,27
13,2012-03-28,74.0,37.0,55.5,,19.0,40.0,9.0,0.0,,,MD,,0.0,24.13,29.83,5.0,21.0,6.4,2012,3,28
13,2012-03-29,69.0,43.0,56.0,,18.0,40.0,9.0,0.0,,,MD,,0.0,24.12,29.79,1.2,19.0,6.8,2012,3,29
13,2012-03-30,74.0,39.0,56.5,,20.0,41.0,8.0,0.0,,,MD,,0.0,24.13,29.79,2.7,16.0,4.7,2012,3,30
13,2012-03-31,80.0,42.0,61.0,,24.0,44.0,4.0,0.0,,,MD,,0.0,24.05,29.68,8.9,17.0,10.4,2012,3,31
13,2012-04-01,81.0,49.0,65.0,,12.0,43.0,0.0,0.0,,,MD,,0.0,23.8,29.34,14.1,21.0,15.3,2012,4,1
13,2012-04-02,58.0,32.0,45.0,,29.0,35.0,20.0,-20.0,,,SN BR,,0.05,24.17,29.87,19.4,36.0,19.8,2012,4,2
13,2012-04-03,32.0,29.0,30.5,,30.0,31.0,34.0,0.0,,,SN FZFG BR,,0.6,24.3,30.21,12.0,34.0,13.3,2012,4,3
13,2012-04-04,58.0,32.0,45.0,,34.0,39.0,20.0,0.0,,,SN,,0.005,24.13,29.95,2.1,18.0,5.0,2012,4,4
13,2012-04-05,69.0,34.0,51.5,,34.0,44.0,13.0,0.0,,,MD,,0.0,24.08,29.78,12.7,16.0,13.3,2012,4,5
13,2012-04-06,73.0,38.0,55.5,,14.0,41.0,9.0,0.0,,,MD,,0.0,24.03,29.66,15.5,22.0,18.8,2012,4,6
13,2012-04-07,60.0,29.0,44.5,,17.0,34.0,20.0,0.0,,,MD,,0.0,24.41,30.2,9.9,14.0,13.5,2012,4,7
13,2012-04-08,69.0,30.0,49.5,,15.0,38.0,15.0,0.0,,,MD,,0.0,24.39,30.16,6.2,14.0,7.9,2012,4,8
13,2012-04-09,69.0,35.0,52.0,,24.0,39.0,13.0,0.0,,,MD,,0.0,24.34,30.09,1.2,8.0,6.9,2012,4,9
13,2012-04-10,76.0,39.0,57.5,,36.0,47.0,7.0,0.0,,,MD,,0.0,24.26,29.96,4.9,16.0,7.8,2012,4,10
13,2012-04-11,70.0,44.0,57.0,,45.0,49.0,8.0,0.0,,,TS TSRA BR HZ,,0.2,24.18,29.85,8.5,17.0,12.3,2012,4,11
13,2012-04-12,63.0,40.0,51.5,,37.0,45.0,13.0,0.0,,,TSRA RA,,0.06,23.97,29.63,1.3,7.0,7.7,2012,4,12
13,2012-04-13,62.0,36.0,49.0,,21.0,38.0,16.0,0.0,,,MD,,0.0,24.0,29.69,2.4,20.0,9.4,2012,4,13
13,2012-04-14,61.0,32.0,46.5,,29.0,38.0,18.0,0.0,,,RA SN BR,,0.25,23.83,29.51,3.5,34.0,7.3,2012,4,14
13,2012-04-15,50.0,32.0,41.0,,31.0,36.0,24.0,0.0,,,RA BR,,0.04,24.05,29.78,10.2,34.0,13.2,2012,4,15
13,2012-04-16,57.0,33.0,45.0,,24.0,36.0,20.0,0.0,,,MD,,0.0,24.29,30.1,3.5,23.0,6.4,2012,4,16
13,2012-04-17,67.0,36.0,51.5,,23.0,40.0,13.0,0.0,,,MD,,0.0,24.29,30.05,1.4,17.0,5.8,2012,4,17
13,2012-04-18,70.0,36.0,53.0,,30.0,43.0,12.0,0.0,,,MD,,0.0,24.16,29.87,3.6,14.0,7.9,2012,4,18
13,2012-04-19,61.0,39.0,50.0,,34.0,42.0,15.0,0.0,,,RA,,0.005,24.2,29.9,1.1,3.0,7.2,2012,4,19
13,2012-04-20,67.0,37.0,52.0,,32.0,43.0,13.0,0.0,,,MD,,0.0,24.31,30.07,4.3,31.0,8.1,2012,4,20
13,2012-04-21,74.0,44.0,59.0,,31.0,46.0,6.0,0.0,,,MD,,0.0,24.34,30.03,1.8,8.0,6.8,2012,4,21
13,2012-04-22,73.0,39.0,56.0,,33.0,45.0,9.0,0.0,,,MD,,0.0,24.42,30.15,3.1,16.0,5.5,2012,4,22
13,2012-04-23,79.0,44.0,61.5,,30.0,47.0,3.0,0.0,,,MD,,0.0,24.31,29.99,2.4,18.0,6.0,2012,4,23
13,2012-04-24,85.0,51.0,68.0,,29.0,48.0,0.0,3.0,,,RA,,0.005,24.17,29.78,2.6,21.0,9.2,2012,4,24
13,2012-04-25,78.0,48.0,63.0,,29.0,48.0,2.0,0.0,,,MD,,0.0,24.21,29.83,0.3,15.0,7.1,2012,4,25
13,2012-04-26,79.0,50.0,64.5,,39.0,51.0,0.0,0.0,,,TS RA,,0.08,24.08,29.71,7.9,18.0,9.9,2012,4,26
13,2012-04-27,67.0,37.0,52.0,,36.0,45.0,13.0,0.0,,,RA,,0.01,23.98,29.61,5.1,36.0,9.1,2012,4,27
13,2012-04-28,60.0,28.0,44.0,,25.0,37.0,21.0,0.0,,,MD,,0.0,24.16,29.9,8.4,16.0,9.2,2012,4,28
13,2012-04-29,63.0,33.0,48.0,,32.0,41.0,17.0,0.0,,,MD,,0.0,24.19,29.94,2.4,3.0,6.0,2012,4,29
13,2012-04-30,76.0,37.0,56.5,,22.0,42.0,8.0,0.0,,,MD,,0.0,24.11,29.8,2.8,15.0,6.4,2012,4,30
13,2012-05-01,76.0,49.0,62.5,,25.0,45.0,2.0,0.0,,,MD,,0.0,24.01,29.6,3.8,15.0,9.5,2012,5,1
13,2012-05-02,77.0,46.0,61.5,,35.0,48.0,3.0,0.0,,,MD,,0.005,24.08,29.7,6.7,16.0,12.1,2012,5,2
13,2012-05-03,79.0,45.0,62.0,,36.0,50.0,3.0,0.0,,,MD,,0.005,24.13,29.76,14.4,18.0,15.2,2012,5,3
13,2012-05-04,87.0,53.0,70.0,,23.0,48.0,0.0,5.0,,,MD,,0.0,24.11,29.69,7.6,20.0,9.6,2012,5,4
13,2012-05-05,82.0,45.0,63.5,,27.0,47.0,1.0,0.0,,,TS,,0.07,24.16,29.73,3.2,1.0,8.5,2012,5,5
13,2012-05-06,60.0,42.0,51.0,,33.0,42.0,14.0,0.0,,,RA BR,,0.11,24.39,30.13,5.1,1.0,7.4,2012,5,6
13,2012-05-07,48.0,40.0,44.0,,38.0,41.0,21.0,0.0,,,RA BR,,0.16,24.42,30.25,3.0,13.0,4.6,2012,5,7
13,2012-05-08,63.0,36.0,49.5,,33.0,42.0,15.0,0.0,,,BR,,0.0,24.37,30.17,0.8,18.0,4.2,2012,5,8
13,2012-05-09,75.0,41.0,58.0,,25.0,45.0,7.0,0.0,,,MD,,0.0,24.24,29.93,4.8,17.0,8.1,2012,5,9
13,2012-05-10,81.0,51.0,66.0,,26.0,47.0,0.0,1.0,,,MD,,0.0,24.11,29.7,0.8,21.0,8.5,2012,5,10
13,2012-05-11,52.0,38.0,45.0,,33.0,39.0,20.0,0.0,,,RA BR,,0.03,24.42,30.19,7.2,2.0,9.0,2012,5,11
13,2012-05-12,57.0,37.0,47.0,,39.0,42.0,18.0,0.0,,,TSRA RA BR,,0.14,24.47,30.32,2.8,36.0,6.9,2012,5,12
13,2012-05-13,57.0,39.0,48.0,,40.0,43.0,17.0,0.0,,,FG+ BR,,0.0,24.47,30.29,2.0,26.0,4.5,2012,5,13
13,2012-05-14,73.0,38.0,55.5,,22.0,42.0,9.0,0.0,,,MD,,0.0,24.41,30.18,1.9,20.0,5.2,2012,5,14
13,2012-05-15,79.0,41.0,60.0,,23.0,44.0,5.0,0.0,,,MD,,0.0,24.38,30.08,4.1,16.0,7.2,2012,5,15
13,2012-05-16,83.0,53.0,68.0,,29.0,48.0,0.0,3.0,,,TS,,0.005,24.24,29.88,5.7,20.0,8.8,2012,5,16
13,2012-05-17,79.0,55.0,67.0,,31.0,49.0,0.0,2.0,,,MD,,0.0,24.1,29.71,3.5,22.0,8.2,2012,5,17
13,2012-05-18,83.0,51.0,67.0,,29.0,49.0,0.0,2.0,,,MD,,0.0,23.98,29.52,4.1,20.0,9.5,2012,5,18
13,2012-05-19,55.0,42.0,48.5,,43.0,45.0,16.0,0.0,,,TSRA RA BR,,0.32,24.29,30.0,4.3,1.0,6.9,2012,5,19
13,2012-05-20,73.0,40.0,56.5,,39.0,48.0,8.0,0.0,,,MD,,0.0,24.39,30.14,7.7,16.0,8.7,2012,5,20
13,2012-05-21,83.0,49.0,66.0,,36.0,51.0,0.0,1.0,,,MD,,0.0,24.32,29.99,5.1,18.0,6.2,2012,5,21
13,2012-05-22,90.0,56.0,73.0,,28.0,51.0,0.0,8.0,,,MD,,0.0,24.05,29.61,7.0,22.0,9.3,2012,5,22
13,2012-05-23,69.0,48.0,58.5,,40.0,48.0,6.0,0.0,,,TSRA RA BR,,0.49,23.96,29.54,5.2,3.0,7.3,2012,5,23
13,2012-05-24,66.0,43.0,54.5,,34.0,45.0,10.0,0.0,,,RA BR,,0.01,24.0,29.65,3.2,7.0,8.3,2012,5,24
13,2012-05-25,73.0,49.0,61.0,,42.0,50.0,4.0,0.0,,,MD,,0.0,24.06,29.71,11.5,16.0,14.1,2012,5,25
13,2012-05-26,89.0,47.0,68.0,,30.0,51.0,0.0,3.0,,,FG+ BR,,0.0,23.95,29.51,15.4,20.0,17.3,2012,5,26
13,2012-05-27,72.0,48.0,60.0,,9.0,40.0,5.0,0.0,,,MD,,0.0,24.09,29.68,8.9,23.0,12.1,2012,5,27
13,2012-05-28,74.0,42.0,58.0,,21.0,42.0,7.0,0.0,,,MD,,0.0,24.21,29.88,1.6,35.0,6.1,2012,5,28
13,2012-05-29,77.0,38.0,57.5,,26.0,44.0,7.0,0.0,,,MD,,0.0,24.28,29.97,4.9,16.0,6.6,2012,5,29
13,2012-05-30,83.0,47.0,65.0,,31.0,48.0,0.0,0.0,,,MD,,0.0,24.24,29.87,2.8,34.0,10.0,2012,5,30
13,2012-05-31,73.0,44.0,58.5,,37.0,48.0,6.0,0.0,,,MD,,0.0,24.3,30.0,3.4,13.0,7.9,2012,5,31
13,2012-06-01,81.0,53.0,67.0,,39.0,52.0,0.0,2.0,,,MD,,0.0,24.22,29.84,3.7,10.0,7.9,2012,6,1
13,2012-06-02,87.0,50.0,68.5,,44.0,53.0,0.0,4.0,,,TSRA RA,,0.05,24.18,29.81,3.4,20.0,7.3,2012,6,2
13,2012-06-03,89.0,52.0,70.5,,39.0,53.0,0.0,6.0,,,MD,,0.0,24.24,29.84,3.7,16.0,8.6,2012,6,3
13,2012-06-04,88.0,54.0,71.0,,41.0,55.0,0.0,6.0,,,MD,,0.0,24.27,29.87,12.7,16.0,13.8,2012,6,4
13,2012-06-05,83.0,58.0,70.5,,45.0,56.0,0.0,6.0,,,MD,,0.0,24.14,29.73,20.1,17.0,20.4,2012,6,5
13,2012-06-06,86.0,49.0,67.5,,49.0,57.0,-2.5,2.5,,,TS TSRA BR,,2.21,24.16,29.74,6.0,13.0,13.3,2012,6,6
13,2012-06-07,79.0,51.0,65.0,,55.0,59.0,0.0,0.0,,,BR,,0.51,24.22,29.85,3.5,15.0,8.9,2012,6,7
13,2012-06-08,88.0,56.0,72.0,,46.0,58.0,0.0,7.0,,,MD,,0.0,24.11,29.7,7.5,17.0,10.8,2012,6,8
13,2012-06-09,92.0,57.0,74.5,,26.0,52.0,0.0,10.0,,,MD,,0.0,23.92,29.41,9.7,21.0,11.5,2012,6,9
13,2012-06-10,74.0,50.0,62.0,,32.0,47.0,3.0,0.0,,,MD,,0.0,24.18,29.76,7.0,10.0,8.4,2012,6,10
13,2012-06-11,77.0,45.0,61.0,,30.0,47.0,4.0,0.0,,,MD,,0.0,24.37,30.05,8.5,12.0,10.8,2012,6,11
13,2012-06-12,83.0,54.0,68.5,,28.0,49.0,0.0,4.0,,,MD,,0.0,24.29,29.93,3.0,12.0,6.8,2012,6,12
13,2012-06-13,89.0,50.0,69.5,,29.0,51.0,0.0,5.0,,,MD,,0.0,24.14,29.72,6.0,15.0,6.9,2012,6,13
13,2012-06-14,83.0,56.0,69.5,,40.0,53.0,0.0,5.0,,,MD,,0.0,24.19,29.77,4.0,9.0,7.2,2012,6,14
13,2012-06-15,82.0,58.0,70.0,,48.0,56.0,0.0,5.0,,,TS TSRA,,0.08,24.24,29.85,8.7,16.0,12.1,2012,6,15
13,2012-06-16,78.0,56.0,67.0,,45.0,54.0,0.0,2.0,,,TSRA,,0.005,24.36,30.04,2.9,23.0,10.1,2012,6,16
13,2012-06-17,93.0,59.0,76.0,,32.0,54.0,0.0,11.0,,,MD,,0.0,24.12,29.69,6.5,26.0,10.4,2012,6,17
13,2012-06-18,96.0,66.0,81.0,,27.0,53.0,0.0,16.0,,,MD,,0.0,24.0,29.49,5.8,21.0,7.3,2012,6,18
13,2012-06-19,93.0,60.0,76.5,,31.0,54.0,0.0,12.0,,,MD,,0.0,23.99,29.48,2.9,9.0,9.6,2012,6,19
13,2012-06-20,71.0,52.0,61.5,,44.0,53.0,3.0,0.0,,,RA BR,,0.005,24.32,29.93,5.5,4.0,7.6,2012,6,20
13,2012-06-21,82.0,56.0,69.0,,43.0,55.0,0.0,4.0,,,MD,,0.0,24.33,29.98,18.0,16.0,18.3,2012,6,21
13,2012-06-22,97.0,56.0,76.5,,38.0,56.0,0.0,12.0,,,MD,,0.0,24.12,29.67,7.7,20.0,10.6,2012,6,22
13,2012-06-23,100.0,62.0,81.0,,28.0,54.0,0.0,16.0,,,MD,,0.0,24.14,29.65,5.1,18.0,7.0,2012,6,23
13,2012-06-24,97.0,62.0,79.5,,35.0,57.0,0.0,15.0,,,MD,,0.0,24.29,29.82,2.4,32.0,7.7,2012,6,24
13,2012-06-25,100.0,64.0,82.0,,31.0,56.0,0.0,17.0,,,MD,,0.0,24.23,29.77,8.3,19.0,11.0,2012,6,25
13,2012-06-26,99.0,64.0,81.5,,36.0,56.0,0.0,17.0,,,RA,,0.005,24.16,29.67,6.5,23.0,10.3,2012,6,26
13,2012-06-27,93.0,65.0,79.0,,46.0,59.0,0.0,14.0,,,TS TSRA,,0.02,24.26,29.8,6.0,22.0,9.8,2012,6,27
13,2012-06-28,93.0,60.0,76.5,,43.0,57.0,0.0,12.0,,,MD,,0.005,24.36,29.96,5.3,24.0,8.1,2012,6,28
13,2012-06-29,95.0,62.0,78.5,,39.0,57.0,0.0,14.0,,,MD,,0.005,24.29,29.87,2.3,23.0,8.1,2012,6,29
13,2012-06-30,93.0,63.0,78.0,,38.0,56.0,0.0,13.0,,,MD,,0.0,24.25,29.82,4.1,24.0,7.3,2012,6,30
13,2012-07-01,95.0,64.0,79.5,,41.0,58.0,0.0,15.0,,,MD,,0.02,24.21,29.76,9.2,16.0,11.9,2012,7,1
13,2012-07-02,97.0,65.0,81.0,,44.0,59.0,0.0,16.0,,,TS,,0.0,24.24,29.79,1.7,24.0,10.6,2012,7,2
13,2012-07-03,94.0,66.0,80.0,,46.0,58.0,0.0,15.0,,,RA,,0.005,24.23,29.79,6.5,23.0,10.3,2012,7,3
13,2012-07-04,93.0,61.0,77.0,,42.0,58.0,0.0,12.0,,,FU,,0.0,24.2,29.75,2.4,35.0,6.6,2012,7,4
13,2012-07-05,95.0,66.0,80.5,,50.0,62.0,0.0,16.0,,,MD,,0.0,24.23,29.77,3.1,13.0,8.4,2012,7,5
13,2012-07-06,85.0,60.0,72.5,,54.0,60.0,0.0,8.0,,,TS TSRA,,0.22,24.39,29.99,4.5,36.0,7.8,2012,7,6
13,2012-07-07,81.0,60.0,70.5,,58.0,61.0,0.0,6.0,,,TS TSRA RA BR,,1.23,24.49,30.18,2.3,12.0,6.3,2012,7,7
13,2012-07-08,74.0,60.0,67.0,,59.0,61.0,0.0,2.0,,,RA BR,,0.03,24.5,30.2,2.2,35.0,3.6,2012,7,8
13,2012-07-09,77.0,60.0,68.5,,57.0,61.0,0.0,4.0,,,TSRA BR,,0.43,24.5,30.19,1.8,12.0,4.3,2012,7,9
13,2012-07-10,83.0,59.0,71.0,,53.0,60.0,0.0,6.0,,,MD,,0.0,24.44,30.11,4.5,14.0,7.6,2012,7,10
13,2012-07-11,87.0,59.0,73.0,,51.0,60.0,0.0,8.0,,,MD,,0.0,24.38,30.01,3.9,17.0,7.4,2012,7,11
13,2012-07-12,89.0,60.0,74.5,,46.0,58.0,0.0,10.0,,,MD,,0.0,24.37,29.96,2.1,27.0,7.8,2012,7,12
13,2012-07-13,92.0,60.0,76.0,,44.0,58.0,0.0,11.0,,,MD,,0.0,24.38,29.97,2.6,17.0,6.7,2012,7,13
13,2012-07-14,92.0,60.0,76.0,,45.0,58.0,0.0,11.0,,,MD,,0.0,24.34,29.93,6.6,19.0,8.5,2012,7,14
13,2012-07-15,93.0,63.0,78.0,,46.0,59.0,0.0,13.0,,,MD,,0.0,24.27,29.84,2.9,18.0,7.8,2012,7,15
13,2012-07-16,90.0,59.0,74.5,,51.0,59.0,0.0,10.0,,,TSRA RA,,0.36,24.25,29.85,2.4,20.0,7.2,2012,7,16
13,2012-07-17,87.0,59.0,73.0,,48.0,58.0,0.0,8.0,,,MD,,0.005,24.29,29.88,1.4,21.0,5.8,2012,7,17
13,2012-07-18,92.0,58.0,75.0,,46.0,58.0,0.0,10.0,,,TSRA RA,,0.005,24.36,29.95,6.0,19.0,8.5,2012,7,18
13,2012-07-19,94.0,61.0,77.5,,44.0,59.0,0.0,13.0,,,MD,,0.0,24.39,29.99,8.3,16.0,9.2,2012,7,19
13,2012-07-20,94.0,61.0,77.5,,43.0,59.0,0.0,13.0,,,MD,,0.0,24.4,29.98,7.6,16.0,8.5,2012,7,20
13,2012-07-21,95.0,61.0,78.0,,43.0,58.0,0.0,13.0,,,MD,,0.0,24.39,29.96,2.6,20.0,5.8,2012,7,21
13,2012-07-22,91.0,67.0,79.0,,49.0,60.0,0.0,14.0,,,TS,,0.005,24.4,29.99,3.2,32.0,5.5,2012,7,22
13,2012-07-23,95.0,60.0,77.5,,47.0,59.0,0.0,13.0,,,MD,,0.0,24.34,29.94,3.1,23.0,6.7,2012,7,23
13,2012-07-24,92.0,62.0,77.0,,47.0,59.0,0.0,12.0,,,TS RA,,0.02,24.24,29.81,0.6,29.0,5.1,2012,7,24
13,2012-07-25,85.0,62.0,73.5,,51.0,59.0,0.0,9.0,,,MD,,0.005,24.29,29.88,1.4,9.0,5.0,2012,7,25
13,2012-07-26,90.0,58.0,74.0,,46.0,58.0,0.0,9.0,,,MD,,0.0,24.36,29.97,0.6,7.0,5.9,2012,7,26
13,2012-07-27,90.0,61.0,75.5,,50.0,59.0,0.0,11.0,,,TS TSRA RA,,0.07,24.4,30.01,5.9,20.0,9.6,2012,7,27
13,2012-07-28,90.0,63.0,76.5,,50.0,59.0,0.0,12.0,,,RA,,0.005,24.39,30.02,5.8,24.0,11.1,2012,7,28
13,2012-07-29,93.0,64.0,78.5,,51.0,61.0,0.0,14.0,,,TS TSRA RA,,0.03,24.34,29.94,4.0,32.0,8.1,2012,7,29
13,2012-07-30,88.0,63.0,75.5,,56.0,62.0,0.0,11.0,,,TS TSRA RA,,0.04,24.4,30.02,2.4,25.0,6.7,2012,7,30
13,2012-07-31,91.0,63.0,77.0,,53.0,61.0,0.0,12.0,,,TS TSRA,,0.12,24.37,29.98,11.8,20.0,13.9,2012,7,31
13,2012-08-01,90.0,64.0,77.0,,51.0,60.0,0.0,12.0,,,TS TSRA RA,,0.35,24.34,29.95,3.2,22.0,8.6,2012,8,1
13,2012-08-02,86.0,60.0,73.0,,47.0,58.0,0.0,8.0,,,RA,,0.005,24.31,29.92,6.8,25.0,9.9,2012,8,2
13,2012-08-03,92.0,59.0,75.5,,37.0,55.0,0.0,11.0,,,MD,,0.0,24.24,29.81,2.0,22.0,7.3,2012,8,3
13,2012-08-04,81.0,56.0,68.5,,45.0,54.0,0.0,4.0,,,MD,,0.0,24.44,30.08,4.5,9.0,8.9,2012,8,4
13,2012-08-05,92.0,58.0,75.0,,43.0,57.0,0.0,10.0,,,MD,,0.0,24.44,30.07,7.2,18.0,8.5,2012,8,5
13,2012-08-06,94.0,67.0,80.5,,41.0,58.0,0.0,16.0,,,MD,,0.005,24.44,30.02,4.2,29.0,9.7,2012,8,6
13,2012-08-07,92.0,65.0,78.5,,44.0,58.0,0.0,14.0,,,MD,,0.0,24.43,30.02,3.3,32.0,7.6,2012,8,7
13,2012-08-08,92.0,57.0,74.5,,37.0,55.0,0.0,10.0,,,MD,,0.0,24.46,30.08,1.4,33.0,4.8,2012,8,8
13,2012-08-09,95.0,59.0,77.0,,40.0,56.0,0.0,12.0,,,MD,,0.0,24.42,30.03,1.9,28.0,7.2,2012,8,9
13,2012-08-10,91.0,60.0,75.5,,46.0,58.0,0.0,11.0,,,MD,,0.0,24.36,29.96,3.7,23.0,6.9,2012,8,10
13,2012-08-11,88.0,58.0,73.0,,46.0,58.0,0.0,8.0,,,TS TSRA,,0.02,24.32,29.9,4.9,29.0,10.2,2012,8,11
13,2012-08-12,84.0,52.0,68.0,,40.0,54.0,0.0,3.0,,,MD,,0.0,24.44,30.1,2.9,14.0,5.6,2012,8,12
13,2012-08-13,76.0,59.0,67.5,,45.0,55.0,0.0,3.0,,,RA,,0.005,24.36,30.0,6.7,22.0,9.5,2012,8,13
13,2012-08-14,91.0,55.0,73.0,,37.0,54.0,0.0,8.0,,,MD,,0.0,24.26,29.87,2.5,23.0,5.2,2012,8,14
13,2012-08-15,92.0,61.0,76.5,,37.0,54.0,0.0,12.0,,,MD,,0.0,24.29,29.87,4.1,36.0,6.9,2012,8,15
13,2012-08-16,78.0,51.0,64.5,,47.0,54.0,0.0,0.0,,,MD,,0.0,24.42,30.09,2.2,1.0,7.6,2012,8,16
13,2012-08-17,86.0,49.0,67.5,,45.0,54.0,0.0,3.0,,,MD,,0.0,24.33,30.0,1.3,35.0,5.2,2012,8,17
13,2012-08-18,79.0,57.0,68.0,,39.0,53.0,0.0,3.0,,,MD,,0.0,24.37,30.01,3.5,2.0,7.4,2012,8,18
13,2012-08-19,81.0,53.0,67.0,,34.0,50.0,0.0,2.0,,,MD,,0.0,24.36,30.02,0.7,19.0,6.4,2012,8,19
13,2012-08-20,79.0,58.0,68.5,,39.0,52.0,0.0,4.0,,,MD,,0.005,24.31,29.94,2.2,19.0,5.9,2012,8,20
13,2012-08-21,86.0,54.0,70.0,,38.0,53.0,0.0,5.0,,,MD,,0.0,24.33,29.96,1.4,16.0,6.5,2012,8,21
13,2012-08-22,90.0,64.0,77.0,,44.0,57.0,0.0,12.0,,,RA,,0.01,24.26,29.84,5.0,24.0,7.9,2012,8,22
13,2012-08-23,81.0,59.0,70.0,,53.0,59.0,0.0,5.0,,,RA,,0.02,24.24,29.86,2.5,24.0,6.1,2012,8,23
13,2012-08-24,84.0,58.0,71.0,,46.0,56.0,0.0,6.0,,,MD,,0.0,24.16,29.76,4.5,25.0,6.6,2012,8,24
13,2012-08-25,80.0,56.0,68.0,,42.0,53.0,0.0,3.0,,,MD,,0.0,24.3,29.92,0.6,7.0,8.9,2012,8,25
13,2012-08-26,91.0,56.0,73.5,,39.0,56.0,0.0,9.0,,,MD,,0.0,24.36,29.96,3.8,16.0,6.9,2012,8,26
13,2012-08-27,92.0,61.0,76.5,,43.0,57.0,0.0,12.0,,,MD,,0.0,24.43,30.04,7.0,19.0,8.3,2012,8,27
13,2012-08-28,94.0,62.0,78.0,,42.0,57.0,0.0,13.0,,,RA,,0.005,24.41,30.02,2.4,23.0,7.7,2012,8,28
13,2012-08-29,92.0,62.0,77.0,,39.0,56.0,0.0,12.0,,,MD,,0.0,24.31,29.88,3.9,21.0,8.1,2012,8,29
13,2012-08-30,93.0,61.0,77.0,,40.0,55.0,0.0,12.0,,,RA,,0.005,24.3,29.87,2.1,26.0,7.4,2012,8,30
13,2012-08-31,89.0,55.0,72.0,,32.0,52.0,0.0,7.0,,,MD,,0.0,24.33,29.93,13.8,17.0,14.6,2012,8,31
13,2012-09-01,91.0,59.0,75.0,,38.0,55.0,0.0,10.0,,,RA,,0.005,24.32,29.91,3.4,18.0,7.5,2012,9,1
13,2012-09-02,90.0,60.0,75.0,,45.0,57.0,0.0,10.0,,,TSRA,,0.005,24.35,29.95,0.4,7.0,5.4,2012,9,2
13,2012-09-03,88.0,59.0,73.5,,43.0,56.0,0.0,9.0,,,MD,,0.0,24.37,29.98,2.2,33.0,7.8,2012,9,3
13,2012-09-04,88.0,56.0,72.0,,32.0,52.0,0.0,7.0,,,MD,,0.0,24.32,29.92,2.4,25.0,6.0,2012,9,4
13,2012-09-05,84.0,54.0,69.0,,27.0,48.0,0.0,4.0,,,MD,,0.0,24.36,29.99,4.9,16.0,8.7,2012,9,5
13,2012-09-06,88.0,55.0,71.5,,24.0,50.0,0.0,7.0,,,MD,,0.0,24.29,29.89,1.9,26.0,6.2,2012,9,6
13,2012-09-07,70.0,53.0,61.5,,40.0,50.0,3.0,0.0,,,MD,,0.0,24.49,30.17,5.0,35.0,7.7,2012,9,7
13,2012-09-08,78.0,45.0,61.5,,34.0,48.0,3.0,0.0,,,MD,,0.0,24.5,30.24,0.6,14.0,4.2,2012,9,8
13,2012-09-09,85.0,48.0,66.5,,27.0,48.0,0.0,2.0,,,MD,,0.0,24.37,30.05,10.1,17.0,11.1,2012,9,9
13,2012-09-10,89.0,57.0,73.0,,26.0,51.0,0.0,8.0,,,MD,,0.0,24.24,29.84,4.0,18.0,7.4,2012,9,10
13,2012-09-11,87.0,59.0,73.0,,40.0,54.0,0.0,8.0,,,RA,,0.02,24.23,29.81,1.8,33.0,6.3,2012,9,11
13,2012-09-12,60.0,49.0,54.5,,49.0,51.0,10.0,0.0,,,RA BR,,1.35,24.46,30.19,6.1,13.0,7.7,2012,9,12
13,2012-09-13,68.0,48.0,58.0,,42.0,49.0,7.0,0.0,,,MD,,0.0,24.61,30.4,1.0,5.0,4.3,2012,9,13
13,2012-09-14,75.0,45.0,60.0,,34.0,47.0,5.0,0.0,,,MD,,0.0,24.55,30.31,4.7,15.0,6.0,2012,9,14
13,2012-09-15,84.0,47.0,65.5,,30.0,48.0,0.0,1.0,,,MD,,0.0,24.39,30.08,3.1,15.0,5.4,2012,9,15
13,2012-09-16,83.0,52.0,67.5,,25.0,48.0,0.0,3.0,,,MD,,0.0,24.31,29.94,0.5,6.0,5.6,2012,9,16
13,2012-09-17,65.0,47.0,56.0,,40.0,47.0,9.0,0.0,,,MD,,0.005,24.38,30.09,1.7,6.0,5.2,2012,9,17
13,2012-09-18,76.0,43.0,59.5,,34.0,47.0,5.0,0.0,,,MD,,0.0,24.35,30.07,3.6,14.0,4.6,2012,9,18
13,2012-09-19,79.0,53.0,66.0,,30.0,48.0,0.0,1.0,,,MD,,0.0,24.37,30.04,1.4,16.0,6.5,2012,9,19
13,2012-09-20,78.0,50.0,64.0,,30.0,47.0,1.0,0.0,,,MD,,0.0,24.36,30.03,1.1,17.0,6.6,2012,9,20
13,2012-09-21,76.0,50.0,63.0,,32.0,47.0,2.0,0.0,,,MD,,0.0,24.39,30.08,1.1,26.0,4.8,2012,9,21
13,2012-09-22,78.0,45.0,61.5,,36.0,48.0,3.0,0.0,,,MD,,0.0,24.42,30.14,2.4,18.0,6.8,2012,9,22
13,2012-09-23,84.0,47.0,65.5,,30.0,49.0,0.0,1.0,,,MD,,0.0,24.36,30.02,3.5,21.0,6.3,2012,9,23
13,2012-09-24,76.0,53.0,64.5,,38.0,51.0,0.0,0.0,,,RA,,0.005,24.27,29.91,3.7,25.0,6.5,2012,9,24
13,2012-09-25,71.0,47.0,59.0,,45.0,50.0,6.0,0.0,,,TS TSRA RA,,0.48,24.24,29.93,1.7,29.0,5.7,2012,9,25
13,2012-09-26,61.0,49.0,55.0,,49.0,51.0,10.0,0.0,,,TS RA BR,,0.56,24.34,30.07,1.1,14.0,4.6,2012,9,26
13,2012-09-27,62.0,46.0,54.0,,47.0,50.0,11.0,0.0,,,RA,,0.005,24.38,30.14,1.8,26.0,5.5,2012,9,27
13,2012-09-28,70.0,43.0,56.5,,44.0,50.0,8.0,0.0,,,MD,,0.0,24.38,30.12,3.3,13.0,4.9,2012,9,28
13,2012-09-29,74.0,46.0,60.0,,41.0,50.0,5.0,0.0,,,MD,,0.0,24.35,30.05,1.8,10.0,4.8,2012,9,29
13,2012-09-30,72.0,48.0,60.0,,40.0,50.0,5.0,0.0,,,MD,,0.005,24.37,30.07,5.3,33.0,8.1,2012,9,30
13,2012-10-01,65.0,48.0,56.5,,40.0,48.0,8.0,0.0,,,RA,,0.04,24.44,30.18,2.6,36.0,8.2,2012,10,1
13,2012-10-02,80.0,47.0,63.5,,31.0,47.0,1.0,0.0,,,MD,,0.0,24.21,29.88,5.1,20.0,8.3,2012,10,2
13,2012-10-03,79.0,37.0,58.0,,29.0,44.0,7.0,0.0,,,MD,,0.0,24.26,29.91,3.4,2.0,9.1,2012,10,3
13,2012-10-04,49.0,34.0,41.5,,26.0,34.0,23.0,0.0,,,MD,,0.0,24.42,30.27,3.8,5.0,6.0,2012,10,4
13,2012-10-05,42.0,29.0,35.5,,30.0,33.0,29.0,0.0,,,DZ SN BR,,0.07,24.39,30.26,4.9,35.0,6.9,2012,10,5
13,2012-10-06,35.0,30.0,32.5,,29.0,31.0,32.0,0.0,,,RA SN BR,,0.01,24.39,30.31,4.7,4.0,7.4,2012,10,6
13,2012-10-07,51.0,25.0,38.0,,20.0,32.0,27.0,0.0,,,MD,,0.0,24.29,30.16,2.3,16.0,5.5,2012,10,7
13,2012-10-08,70.0,31.0,50.5,,14.0,37.0,14.0,0.0,,,MD,,0.0,24.15,29.89,3.7,19.0,6.6,2012,10,8
13,2012-10-09,56.0,33.0,44.5,,30.0,38.0,20.0,0.0,,,MD,,0.0,24.29,30.04,1.4,10.0,6.6,2012,10,9
13,2012-10-10,71.0,32.0,51.5,,35.0,41.0,13.0,0.0,,,MD,,0.0,24.26,30.06,0.8,14.0,3.9,2012,10,10
13,2012-10-11,66.0,42.0,54.0,,33.0,44.0,11.0,0.0,,,MD,,0.0,24.34,30.06,3.0,10.0,7.6,2012,10,11
13,2012-10-12,69.0,36.0,52.5,,39.0,45.0,12.0,0.0,,,TSRA RA,,0.01,24.2,29.96,5.8,21.0,8.0,2012,10,12
13,2012-10-13,53.0,37.0,45.0,,37.0,42.0,20.0,0.0,,,RA BR,,0.16,24.21,29.94,3.9,29.0,7.5,2012,10,13
13,2012-10-14,67.0,40.0,53.5,,35.0,44.0,11.0,0.0,,,MD,,0.0,24.4,30.18,1.2,19.0,3.8,2012,10,14
13,2012-10-15,76.0,41.0,58.5,,28.0,43.0,6.0,0.0,,,MD,,0.0,24.21,29.92,2.1,16.0,6.2,2012,10,15
13,2012-10-16,77.0,41.0,59.0,,28.0,45.0,6.0,0.0,,,MD,,0.0,24.02,29.64,5.7,28.0,11.6,2012,10,16
13,2012-10-17,55.0,35.0,45.0,,10.0,34.0,20.0,0.0,,,MD,,0.0,24.11,29.79,17.0,33.0,18.4,2012,10,17
13,2012-10-18,63.0,28.0,45.5,,15.0,34.0,19.0,0.0,,,MD,,0.0,24.26,30.04,1.0,3.0,8.3,2012,10,18
13,2012-10-19,71.0,34.0,52.5,,20.0,39.0,12.0,0.0,,,MD,,0.0,24.18,29.9,2.7,21.0,4.9,2012,10,19
13,2012-10-20,77.0,45.0,61.0,,18.0,42.0,4.0,0.0,,,MD,,0.0,24.04,29.68,8.1,23.0,10.5,2012,10,20
13,2012-10-21,71.0,37.0,54.0,,24.0,41.0,11.0,0.0,,,MD,,0.0,24.1,29.75,1.9,5.0,5.7,2012,10,21
13,2012-10-22,73.0,34.0,53.5,,33.0,43.0,11.0,0.0,,,MD,,0.0,24.06,29.76,1.8,22.0,5.4,2012,10,22
13,2012-10-23,77.0,43.0,60.0,,21.0,43.0,5.0,0.0,,,MD,,0.0,24.03,29.64,8.5,23.0,13.2,2012,10,23
13,2012-10-24,54.0,27.0,40.5,,33.0,37.0,24.0,0.0,,,RA SN FZFG BR,,0.32,24.12,29.85,7.4,1.0,8.5,2012,10,24
13,2012-10-25,33.0,26.0,29.5,,26.0,28.0,35.0,0.0,,,SN BR,,0.01,24.34,30.25,2.8,10.0,4.4,2012,10,25
13,2012-10-26,39.0,25.0,32.0,,24.0,28.0,33.0,0.0,,,BCFG BR,,0.005,24.42,30.38,1.0,16.0,7.1,2012,10,26
13,2012-10-27,48.0,24.0,36.0,,22.0,31.0,29.0,0.0,,,BCFG BR,,0.0,24.27,30.16,3.6,16.0,6.1,2012,10,27
13,2012-10-28,61.0,27.0,44.0,,27.0,36.0,21.0,0.0,,,MD,,0.0,24.27,30.08,3.8,17.0,5.4,2012,10,28
13,2012-10-29,65.0,36.0,50.5,,30.0,41.0,14.0,0.0,,,MD,,0.0,24.32,30.07,4.1,22.0,5.8,2012,10,29
13,2012-10-30,67.0,35.0,51.0,,28.0,41.0,14.0,0.0,,,MD,,0.0,24.34,30.09,2.0,17.0,3.3,2012,10,30
13,2012-10-31,69.0,38.0,53.5,,26.0,41.0,11.0,0.0,,,MD,,0.0,24.34,30.09,3.7,19.0,5.7,2012,10,31
13,2012-11-01,70.0,40.0,55.0,,26.0,41.0,10.0,0.0,,,MD,,0.0,24.21,29.93,3.9,18.0,6.6,2012,11,1
13,2012-11-02,54.0,38.0,46.0,,28.0,38.0,19.0,0.0,,,MD,,0.0,24.27,30.02,4.5,14.0,5.8,2012,11,2
13,2012-11-03,62.0,30.0,46.0,,28.0,37.0,19.0,0.0,,,MD,,0.0,24.34,30.15,2.2,18.0,4.9,2012,11,3
13,2012-11-04,63.0,34.0,48.5,,24.0,37.0,16.0,0.0,,,MD,,0.0,24.4,30.19,0.5,21.0,4.8,2012,11,4
13,2012-11-05,65.0,30.0,47.5,,28.0,39.0,17.0,0.0,,,MD,,0.0,24.38,30.19,2.8,23.0,6.0,2012,11,5
13,2012-11-06,67.0,34.0,50.5,,27.0,40.0,14.0,0.0,,,MD,,0.0,24.4,30.17,2.8,15.0,5.0,2012,11,6
13,2012-11-07,74.0,36.0,55.0,,20.0,39.0,10.0,0.0,,,MD,,0.0,24.23,29.96,2.4,15.0,5.0,2012,11,7
13,2012-11-08,64.0,34.0,49.0,,25.0,38.0,16.0,0.0,,,MD,,0.0,24.13,29.85,0.2,25.0,5.8,2012,11,8
13,2012-11-09,68.0,36.0,52.0,,27.0,41.0,13.0,0.0,,,MD,,0.0,23.89,29.58,9.3,22.0,12.3,2012,11,9
13,2012-11-10,53.0,19.0,36.0,,27.0,32.0,29.0,0.0,,,TSSN RA SN FG+ FZFG BR,,0.23,23.87,29.55,1.6,21.0,9.3,2012,11,10
13,2012-11-11,31.0,14.0,22.5,,9.0,19.0,42.0,0.0,,,SN,,0.005,24.19,30.1,4.3,31.0,6.1,2012,11,11
13,2012-11-12,49.0,12.0,30.5,,8.0,24.0,34.0,0.0,,,MD,,0.0,24.37,30.31,4.0,17.0,5.7,2012,11,12
13,2012-11-13,51.0,28.0,39.5,,18.0,30.0,25.0,0.0,,,MD,,0.0,24.38,30.24,2.0,10.0,5.3,2012,11,13
13,2012-11-14,58.0,25.0,41.5,,21.0,32.0,23.0,0.0,,,MD,,0.0,24.32,30.18,1.0,14.0,4.6,2012,11,14
13,2012-11-15,44.0,24.0,34.0,,26.0,31.0,31.0,0.0,,,MD,,0.0,24.48,30.38,2.5,15.0,4.8,2012,11,15
13,2012-11-16,88.0,29.0,58.5,,23.0,35.0,6.5,-6.5,,,MD,,0.0,24.32,30.16,3.8,17.0,5.2,2012,11,16
13,2012-11-17,62.0,37.0,49.5,,23.0,37.0,15.0,0.0,,,MD,,0.0,24.26,30.03,3.3,19.0,7.7,2012,11,17
13,2012-11-18,61.0,32.0,46.5,,22.0,35.0,18.0,0.0,,,MD,,0.0,24.23,29.99,3.6,20.0,5.6,2012,11,18
13,2012-11-19,55.0,30.0,42.5,,21.0,34.0,22.0,0.0,,,MD,,0.0,24.38,30.2,2.5,20.0,4.1,2012,11,19
13,2012-11-20,66.0,29.0,47.5,,17.0,35.0,17.0,0.0,,,MD,,0.0,24.34,30.15,5.9,17.0,6.7,2012,11,20
13,2012-11-21,70.0,37.0,53.5,,14.0,36.0,11.0,0.0,,,MD,,0.0,24.18,29.91,3.0,20.0,6.0,2012,11,21
13,2012-11-22,50.0,25.0,37.5,,18.0,32.0,27.0,0.0,,,MD,,0.0,24.37,30.14,4.8,12.0,7.1,2012,11,22
13,2012-11-23,53.0,20.0,36.5,,16.0,28.0,28.0,0.0,,,MD,,0.0,24.5,30.43,2.5,20.0,5.4,2012,11,23
13,2012-11-24,58.0,32.0,45.0,,11.0,33.0,20.0,0.0,,,MD,,0.0,24.24,30.03,4.1,19.0,4.8,2012,11,24
13,2012-11-25,63.0,30.0,46.5,,10.0,34.0,18.0,0.0,,,MD,,0.0,24.11,29.85,5.0,22.0,9.0,2012,11,25
13,2012-11-26,33.0,19.0,26.0,,22.0,25.0,39.0,0.0,,,FZFG BR,,0.0,24.37,30.28,1.6,35.0,5.1,2012,11,26
13,2012-11-27,59.0,19.0,39.0,,3.0,28.0,26.0,0.0,,,MD,,0.0,24.34,30.21,3.9,18.0,5.6,2012,11,27
13,2012-11-28,58.0,26.0,42.0,,5.0,29.0,23.0,0.0,,,MD,,0.0,24.32,30.15,3.9,16.0,5.0,2012,11,28
13,2012-11-29,62.0,27.0,44.5,,16.0,34.0,20.0,0.0,,,MD,,0.0,24.24,30.01,2.3,19.0,5.8,2012,11,29
13,2012-11-30,63.0,30.0,46.5,,20.0,35.0,18.0,0.0,,,MD,,0.0,24.16,29.92,1.9,21.0,4.6,2012,11,30
13,2012-12-01,63.0,33.0,48.0,,22.0,37.0,17.0,0.0,,,MD,,0.0,24.18,29.9,1.6,21.0,5.8,2012,12,1
13,2012-12-02,68.0,34.0,51.0,,12.0,36.0,14.0,0.0,,,MD,,0.0,24.06,29.77,9.0,21.0,10.0,2012,12,2
13,2012-12-03,54.0,28.0,41.0,,16.0,33.0,24.0,0.0,,,MD,,0.0,24.23,29.94,4.3,13.0,8.1,2012,12,3
13,2012-12-04,56.0,21.0,38.5,,13.0,30.0,26.0,0.0,,,MD,,0.0,24.39,30.26,3.3,17.0,4.9,2012,12,4
13,2012-12-05,69.0,41.0,55.0,,24.0,41.0,10.0,-10.0,,,MD,,0.0,24.18,29.9,5.7,22.0,8.9,2012,12,5
13,2012-12-06,50.0,28.0,39.0,,29.0,36.0,26.0,0.0,,,MD,,0.0,24.14,29.9,3.4,10.0,5.8,2012,12,6
13,2012-12-07,53.0,24.0,38.5,,21.0,29.0,26.0,0.0,,,MD,,0.0,24.08,29.88,4.7,13.0,6.6,2012,12,7
13,2012-12-08,52.0,20.0,36.0,,18.0,27.0,29.0,0.0,,,SN BR,,0.04,23.98,29.78,2.2,9.0,8.1,2012,12,8
13,2012-12-09,22.0,4.0,13.0,,3.0,12.0,52.0,0.0,,,MD,,0.005,24.24,30.21,3.7,5.0,8.3,2012,12,9
13,2012-12-10,36.0,5.0,20.5,,6.0,19.0,44.0,0.0,,,SN BR,,0.01,24.09,30.04,2.8,27.0,7.0,2012,12,10
13,2012-12-11,35.0,12.0,23.5,,14.0,21.0,41.0,0.0,,,SN BR,,0.02,24.07,29.98,7.1,17.0,8.3,2012,12,11
13,2012-12-12,55.0,24.0,39.5,,14.0,31.0,25.0,0.0,,,MD,,0.0,24.04,29.82,13.6,20.0,14.2,2012,12,12
13,2012-12-13,54.0,32.0,43.0,,12.0,31.0,22.0,0.0,,,MD,,0.0,24.14,29.91,8.1,21.0,9.5,2012,12,13
13,2012-12-14,46.0,25.0,35.5,,16.0,29.0,29.0,0.0,,,MD,,0.0,23.88,29.64,3.3,22.0,5.4,2012,12,14
13,2012-12-15,46.0,23.0,34.5,,20.0,28.0,30.0,0.0,,,MD,,0.0,23.93,29.72,3.5,22.0,4.8,2012,12,15
13,2012-12-16,43.0,16.0,29.5,,12.0,24.0,35.0,0.0,,,FG+ FZFG BCFG,,0.0,23.95,29.77,3.6,29.0,7.4,2012,12,16
13,2012-12-17,51.0,22.0,36.5,,12.0,28.0,28.0,0.0,,,MD,,0.0,23.9,29.68,9.0,23.0,10.3,2012,12,17
13,2012-12-18,45.0,24.0,34.5,,19.0,27.0,30.0,0.0,,,MD,,0.0,23.93,29.72,1.1,19.0,9.0,2012,12,18
13,2012-12-19,24.0,5.0,14.5,,11.0,15.0,50.0,0.0,,,SN FZFG BR,,0.01,24.08,30.0,11.2,35.0,13.2,2012,12,19
13,2012-12-20,44.0,4.0,24.0,,4.0,20.0,41.0,0.0,,,MD,,0.0,24.34,30.32,6.8,23.0,8.8,2012,12,20
13,2012-12-21,49.0,19.0,34.0,,7.0,26.0,31.0,0.0,,,MD,,0.0,24.3,30.18,7.0,20.0,8.3,2012,12,21
13,2012-12-22,49.0,23.0,36.0,,9.0,26.0,29.0,0.0,,,MD,,0.0,24.18,30.03,4.5,16.0,5.5,2012,12,22
13,2012-12-23,51.0,27.0,39.0,,9.0,29.0,26.0,0.0,,,MD,,0.0,24.11,29.9,5.7,19.0,10.3,2012,12,23
13,2012-12-24,35.0,17.0,26.0,,17.0,24.0,39.0,0.0,,,SN BR,,0.02,24.0,29.84,4.1,32.0,7.3,2012,12,24
13,2012-12-25,17.0,2.0,9.5,,5.0,8.0,55.0,0.0,,,SN BR,,0.005,24.23,30.27,1.7,1.0,3.6,2012,12,25
13,2012-12-26,28.0,2.0,15.0,,10.0,14.0,50.0,0.0,,,BR HZ,,0.0,23.92,29.91,0.7,1.0,2.7,2012,12,26
13,2012-12-27,29.0,4.0,16.5,,12.0,15.0,48.0,0.0,,,SN BR,,0.005,23.95,29.88,4.1,12.0,5.1,2012,12,27
13,2012-12-28,29.0,8.0,18.5,,5.0,14.0,46.0,0.0,,,MD,,0.0,24.16,30.13,2.0,18.0,5.2,2012,12,28
13,2012-12-29,38.0,6.0,22.0,,3.0,16.0,43.0,0.0,,,MD,,0.0,24.19,30.18,2.9,19.0,5.0,2012,12,29
13,2012-12-30,43.0,11.0,27.0,,7.0,20.0,38.0,0.0,,,MD,,0.0,24.11,30.02,3.1,20.0,5.8,2012,12,30
13,2012-12-31,24.0,10.0,17.0,,12.0,24.866666666666667,48.0,0.0,,,SN,,0.005,24.14,30.1,0.3,22.0,3.2,2012,12,31
13,2013-01-01,28.0,7.0,17.5,,6.0,13.0,47.0,0.0,,,BR,,0.0,24.24,30.25,2.5,20.0,3.7,2013,1,1
13,2013-01-02,29.0,8.0,18.5,,4.0,14.0,46.0,0.0,,,MD,,0.0,24.33,30.34,2.6,14.0,5.3,2013,1,2
13,2013-01-03,34.0,9.0,21.5,,0.0,15.0,43.0,0.0,,,MD,,0.0,24.37,30.4,4.1,21.0,4.6,2013,1,3
13,2013-01-04,46.0,12.0,29.0,,4.0,21.0,36.0,0.0,,,MD,,0.0,24.26,30.2,0.8,21.0,3.4,2013,1,4
13,2013-01-05,37.0,11.0,24.0,,11.0,21.0,41.0,0.0,,,MD,,0.0,24.36,30.3,4.0,15.0,5.5,2013,1,5
13,2013-01-06,53.0,12.0,32.5,,7.0,24.0,32.0,0.0,,,MD,,0.0,24.23,30.14,2.9,17.0,5.0,2013,1,6
13,2013-01-07,49.0,23.0,36.0,,9.0,28.0,29.0,0.0,,,MD,,0.0,24.11,29.92,5.3,17.0,6.4,2013,1,7
13,2013-01-08,53.0,24.0,38.5,,12.0,29.0,26.0,0.0,,,MD,,0.0,24.19,29.98,3.0,20.0,6.2,2013,1,8
13,2013-01-09,58.0,21.0,39.5,,16.0,30.0,25.0,0.0,,,MD,,0.0,24.32,30.19,11.0,17.0,11.5,2013,1,9
13,2013-01-10,52.0,33.0,42.5,,8.0,31.0,22.0,0.0,,,MD,,0.0,23.9,29.65,15.5,19.0,16.1,2013,1,10
13,2013-01-11,42.0,10.0,26.0,,15.0,23.0,39.0,0.0,,,SN BR,,0.04,23.76,29.49,4.7,19.0,10.6,2013,1,11
13,2013-01-12,18.0,-1.0,8.5,,0.0,5.0,56.0,0.0,,,SN FG+ FZFG BR,,0.005,24.09,30.12,1.9,9.0,4.8,2013,1,12
13,2013-01-13,11.0,-5.0,3.0,,-1.0,2.0,62.0,0.0,,,SN BR,,0.005,24.17,30.28,1.5,10.0,2.6,2013,1,13
13,2013-01-14,12.0,-3.0,4.5,,0.0,4.0,60.0,0.0,,,SN BR HZ,,0.005,24.21,30.32,0.9,28.0,2.7,2013,1,14
13,2013-01-15,31.0,-5.0,13.0,,3.0,13.0,52.0,0.0,,,MD,,0.0,24.23,30.28,4.6,22.0,5.2,2013,1,15
13,2013-01-16,48.0,19.0,33.5,,16.0,27.0,31.0,0.0,,,MD,,0.0,24.38,30.29,4.0,18.0,6.2,2013,1,16
13,2013-01-17,50.0,19.0,34.5,,17.0,27.0,30.0,0.0,,,MD,,0.0,24.47,30.4,4.0,17.0,5.5,2013,1,17
13,2013-01-18,56.0,24.0,40.0,,6.0,28.0,25.0,0.0,,,MD,,0.0,24.3,30.16,2.5,23.0,5.5,2013,1,18
13,2013-01-19,58.0,24.0,41.0,,4.0,28.0,24.0,0.0,,,MD,,0.0,24.34,30.18,2.4,15.0,3.2,2013,1,19
13,2013-01-20,48.0,20.0,34.0,,10.0,25.0,31.0,0.0,,,MD,,0.0,24.35,30.23,1.9,12.0,5.5,2013,1,20
13,2013-01-21,55.0,16.0,35.5,,7.0,27.0,29.0,0.0,,,MD,,0.0,24.29,30.18,3.1,28.0,8.4,2013,1,21
13,2013-01-22,63.0,25.0,44.0,,-7.0,29.0,21.0,0.0,,,MD,,0.0,24.29,30.08,3.4,25.0,8.4,2013,1,22
13,2013-01-23,60.0,27.0,43.5,,0.0,30.0,21.0,0.0,,,MD,,0.0,24.32,30.13,5.2,18.0,6.5,2013,1,23
13,2013-01-24,64.0,31.0,47.5,,12.0,34.0,17.0,0.0,,,MD,,0.0,24.24,30.02,0.8,20.0,5.3,2013,1,24
13,2013-01-25,55.0,29.0,42.0,,24.0,34.0,23.0,0.0,,,MD,,0.0,24.29,30.09,6.9,16.0,7.3,2013,1,25
13,2013-01-26,55.0,28.0,41.5,,28.0,35.0,23.0,0.0,,,RA,,0.005,24.11,29.91,1.0,14.0,4.0,2013,1,26
13,2013-01-27,58.0,26.0,42.0,,28.0,36.0,23.0,0.0,,,BR,,0.0,23.97,29.72,3.2,17.0,4.9,2013,1,27
13,2013-01-28,56.0,24.0,40.0,,24.0,32.0,25.0,0.0,,,SN BR,,0.05,23.9,29.63,1.0,14.0,8.6,2013,1,28
13,2013-01-29,28.0,17.0,22.5,,14.0,20.0,42.0,0.0,,,SN BR,,0.04,23.98,29.84,6.7,2.0,8.1,2013,1,29
13,2013-01-30,37.0,6.0,21.5,,9.0,20.0,43.0,0.0,,,MD,,0.005,24.05,29.97,7.6,30.0,11.2,2013,1,30
13,2013-01-31,46.0,17.0,31.5,,15.0,27.0,33.0,0.0,,,MD,,0.0,24.23,30.08,2.7,34.0,8.2,2013,1,31
13,2013-02-01,49.0,20.0,34.5,,16.0,27.0,30.0,0.0,,,MD,,0.0,24.27,30.13,3.2,31.0,9.4,2013,2,1
13,2013-02-02,57.0,23.0,40.0,,12.0,28.0,25.0,0.0,,,MD,,0.0,24.4,30.28,3.5,18.0,8.5,2013,2,2
13,2013-02-03,53.0,26.0,39.5,,10.0,29.0,25.0,0.0,,,MD,,0.0,24.19,30.02,1.4,17.0,4.3,2013,2,3
13,2013-02-04,52.0,23.0,37.5,,7.0,27.0,27.0,0.0,,,MD,,0.0,24.13,29.93,3.3,17.0,5.0,2013,2,4
13,2013-02-05,58.0,23.0,40.5,,13.0,31.0,24.0,0.0,,,MD,,0.0,24.14,29.94,8.8,16.0,9.2,2013,2,5
13,2013-02-06,56.0,29.0,42.5,,22.0,33.0,22.0,0.0,,,RA SN FG BR,,0.29,24.11,29.86,2.2,2.0,6.7,2013,2,6
13,2013-02-07,42.0,15.0,28.5,,24.0,28.0,36.0,0.0,,,BR,,0.0,24.26,30.16,6.9,17.0,7.6,2013,2,7
13,2013-02-08,51.0,28.0,39.5,,19.0,31.0,25.0,0.0,,,MD,,0.0,24.03,29.84,7.4,18.0,9.0,2013,2,8
13,2013-02-09,37.0,21.0,29.0,,21.0,26.0,36.0,0.0,,,SN FZFG BR,,0.01,23.83,29.63,4.1,35.0,7.7,2013,2,9
13,2013-02-10,34.0,19.0,26.5,,14.0,21.0,38.0,0.0,,,SN BR,,0.005,24.03,29.89,4.7,2.0,7.8,2013,2,10
13,2013-02-11,30.0,13.0,21.5,,13.0,18.0,43.0,0.0,,,MD,,0.005,24.16,30.12,0.8,26.0,4.3,2013,2,11
13,2013-02-12,39.0,14.0,26.5,,2.0,19.0,38.0,0.0,,,MD,,0.0,24.19,30.12,2.9,22.0,4.7,2013,2,12
13,2013-02-13,45.0,17.0,31.0,,10.0,25.0,34.0,0.0,,,MD,,0.0,24.14,30.01,7.3,29.0,10.5,2013,2,13
13,2013-02-14,38.0,18.0,28.0,,16.0,22.0,37.0,0.0,,,SN BR,,0.01,24.31,30.23,2.8,8.0,7.4,2013,2,14
13,2013-02-15,35.0,11.0,23.0,,13.0,20.0,42.0,0.0,,,MD,,0.0,24.39,30.39,1.2,13.0,6.0,2013,2,15
13,2013-02-16,54.0,22.0,38.0,,11.0,29.0,27.0,0.0,,,MD,,0.0,24.26,30.14,5.9,30.0,9.4,2013,2,16
13,2013-02-17,62.0,27.0,44.5,,2.0,29.0,20.0,0.0,,,MD,,0.0,23.96,29.7,5.9,21.0,10.6,2013,2,17
13,2013-02-18,40.0,16.0,28.0,,9.0,23.0,37.0,0.0,,,MD,,0.0,24.16,30.0,3.1,34.0,7.9,2013,2,18
13,2013-02-19,42.0,14.0,28.0,,9.0,22.0,37.0,0.0,,,MD,,0.0,24.1,30.0,1.3,32.0,4.1,2013,2,19
13,2013-02-20,35.0,18.0,26.5,,19.0,23.0,38.0,0.0,,,SN FZFG BR,,0.09,23.91,29.76,4.5,35.0,5.8,2013,2,20
13,2013-02-21,23.0,11.0,17.0,,13.0,16.0,48.0,0.0,,,SN FZFG BR HZ,,0.03,23.99,29.91,4.8,36.0,7.3,2013,2,21
13,2013-02-22,30.0,8.0,19.0,,14.0,18.0,46.0,0.0,,,BR,,0.0,24.06,30.01,7.6,15.0,8.6,2013,2,22
13,2013-02-23,45.0,13.0,29.0,,15.0,25.0,36.0,0.0,,,SN BR,,0.005,23.9,29.75,0.2,24.0,8.5,2013,2,23
13,2013-02-24,27.0,21.0,24.0,,23.0,24.0,41.0,0.0,,,SN FG+ FZFG BR BLSN,,0.12,24.1,29.96,14.5,35.0,14.7,2013,2,24
13,2013-02-25,33.0,6.0,19.5,,10.0,17.0,45.0,0.0,,,BR,,0.0,24.12,30.09,5.2,17.0,6.1,2013,2,25
13,2013-02-26,29.0,14.0,21.5,,18.0,21.0,43.0,0.0,,,SN FZFG BR,,0.01,24.1,30.0,7.7,36.0,9.2,2013,2,26
13,2013-02-27,32.0,8.0,20.0,,9.0,18.0,45.0,0.0,,,MD,,0.0,24.34,30.32,1.1,13.0,6.6,2013,2,27
13,2013-02-28,40.0,7.0,23.5,,7.0,21.0,41.0,0.0,,,MD,,0.0,24.35,30.32,6.6,29.0,9.7,2013,2,28
13,2013-03-01,44.0,20.0,32.0,,17.0,27.0,33.0,0.0,,,MD,,0.0,24.42,30.34,3.1,16.0,6.4,2013,3,1
13,2013-03-02,56.0,25.0,40.5,,22.0,34.0,24.0,0.0,,,MD,,0.0,24.37,30.23,3.1,22.0,6.6,2013,3,2
13,2013-03-03,57.0,37.0,47.0,,22.0,37.0,18.0,0.0,,,MD,,0.0,24.0,29.73,4.6,18.0,7.3,2013,3,3
13,2013-03-04,41.0,14.0,27.5,,19.0,24.0,37.5,-37.5,,,SN FZFG BR,,0.005,24.14,29.97,3.5,5.0,7.7,2013,3,4
13,2013-03-05,40.0,8.0,24.0,,14.0,21.0,41.0,0.0,,,MD,,0.0,24.32,30.32,1.5,13.0,5.4,2013,3,5
13,2013-03-06,56.0,21.0,38.5,,20.0,31.0,26.0,0.0,,,MD,,0.0,24.13,29.97,4.1,14.0,5.7,2013,3,6
13,2013-03-07,63.0,33.0,48.0,,21.0,36.0,17.0,0.0,,,MD,,0.0,24.13,29.86,2.7,15.0,6.0,2013,3,7
13,2013-03-08,46.0,29.0,37.5,,29.0,33.0,27.0,0.0,,,BR,,0.0,24.04,29.83,1.6,33.0,3.2,2013,3,8
13,2013-03-09,34.0,25.0,29.5,,26.0,28.0,35.0,0.0,,,SN FG+ FZFG BR BLSN,,0.49,24.05,29.85,15.6,35.0,16.3,2013,3,9
13,2013-03-10,37.0,15.0,26.0,,16.0,23.0,39.0,0.0,,,MD,,0.0,24.25,30.18,2.9,31.0,5.7,2013,3,10
13,2013-03-11,50.0,25.0,37.5,,22.0,31.0,27.0,0.0,,,SN BR,,0.01,24.2,30.02,3.2,33.0,9.2,2013,3,11
13,2013-03-12,38.0,23.0,30.5,,25.0,28.0,34.0,0.0,,,SN FZFG BR,,0.06,24.37,30.3,3.1,12.0,5.1,2013,3,12
13,2013-03-13,62.0,29.0,45.5,,24.0,37.0,19.0,0.0,,,MD,,0.0,24.39,30.22,1.6,23.0,5.8,2013,3,13
13,2013-03-14,69.0,35.0,52.0,,22.0,39.0,13.0,0.0,,,MD,,0.0,24.39,30.17,2.5,20.0,5.4,2013,3,14
13,2013-03-15,73.0,44.0,58.5,,21.0,42.0,6.0,0.0,,,MD,,0.0,24.17,29.86,5.8,25.0,9.8,2013,3,15
13,2013-03-16,51.0,38.0,44.5,,32.0,39.0,20.0,0.0,,,RA,,0.005,24.11,29.85,3.0,19.0,7.1,2013,3,16
13,2013-03-17,59.0,33.0,46.0,,20.0,35.0,19.0,0.0,,,MD,,0.0,23.93,29.63,8.9,27.0,14.5,2013,3,17
13,2013-03-18,49.0,23.0,36.0,,11.0,28.0,29.0,0.0,,,MD,,0.0,24.1,29.9,4.3,30.0,8.3,2013,3,18
13,2013-03-19,52.0,23.0,37.5,,7.0,28.0,27.0,0.0,,,MD,,0.0,24.31,30.12,4.4,1.0,7.9,2013,3,19
13,2013-03-20,60.0,20.0,40.0,,17.0,30.0,25.0,0.0,,,MD,,0.0,24.13,29.99,0.5,22.0,6.1,2013,3,20
13,2013-03-21,55.0,28.0,41.5,,23.0,34.0,23.0,0.0,,,MD,,0.005,23.92,29.63,1.1,4.0,8.1,2013,3,21
13,2013-03-22,51.0,23.0,37.0,,23.0,29.0,28.0,0.0,,,SN FZFG BR BLSN,,0.35,24.0,29.78,5.3,12.0,14.6,2013,3,22
13,2013-03-23,24.0,7.0,15.5,,13.0,15.0,49.0,0.0,,,SN FG+ FZFG BR BLSN,,0.55,24.2,30.16,11.5,35.0,13.8,2013,3,23
13,2013-03-24,26.0,-2.0,12.0,,7.0,13.0,53.0,0.0,,,SN BR,,0.01,24.25,30.29,2.4,4.0,6.5,2013,3,24
13,2013-03-25,30.0,1.0,15.5,,7.0,15.0,49.0,0.0,,,SN BR,,0.005,24.34,30.37,4.3,14.0,5.2,2013,3,25
13,2013-03-26,50.0,17.0,33.5,,19.0,29.0,31.0,0.0,,,HZ,,0.0,24.18,30.07,4.1,15.0,7.4,2013,3,26
13,2013-03-27,54.0,26.0,40.0,,28.0,35.0,25.0,0.0,,,HZ,,0.0,24.24,30.05,4.0,16.0,6.7,2013,3,27
13,2013-03-28,62.0,32.0,47.0,,29.0,39.0,18.0,0.0,,,MD,,0.0,24.27,30.06,2.8,17.0,5.4,2013,3,28
13,2013-03-29,65.0,37.0,51.0,,28.0,40.0,14.0,0.0,,,MD,,0.0,24.3,30.05,3.6,27.0,7.3,2013,3,29
13,2013-03-30,65.0,34.0,49.5,,29.0,40.0,15.0,0.0,,,MD,,0.0,24.31,30.06,3.9,33.0,6.7,2013,3,30
13,2013-03-31,68.0,33.0,50.5,,23.0,38.0,14.0,0.0,,,MD,,0.0,24.24,30.0,1.8,11.0,7.3,2013,3,31
13,2013-04-01,53.0,30.0,41.5,,30.0,37.0,23.0,0.0,,,RA BR,,0.005,24.25,30.04,5.7,31.0,8.2,2013,4,1
13,2013-04-02,40.0,34.0,37.0,,34.0,35.0,28.0,0.0,,,RA DZ SN BR HZ,,0.05,24.26,30.09,4.3,34.0,5.1,2013,4,2
13,2013-04-03,59.0,35.0,47.0,,30.0,38.0,18.0,0.0,,,RA BR HZ,,0.01,24.29,30.1,1.4,32.0,3.9,2013,4,3
13,2013-04-04,66.0,32.0,49.0,,25.0,40.0,16.0,0.0,,,MD,,0.0,24.28,30.04,4.4,15.0,6.2,2013,4,4
13,2013-04-05,71.0,45.0,58.0,,22.0,42.0,7.0,0.0,,,MD,,0.005,24.08,29.74,4.1,26.0,9.4,2013,4,5
13,2013-04-06,61.0,40.0,50.5,,23.0,39.0,14.0,0.0,,,MD,,0.0,24.13,29.82,2.5,4.0,9.5,2013,4,6
13,2013-04-07,62.0,37.0,49.5,,26.0,39.0,15.0,0.0,,,MD,,0.005,24.0,29.7,2.0,25.0,6.1,2013,4,7
13,2013-04-08,70.0,22.0,46.0,,25.0,37.0,19.0,0.0,,,SN BR BLSN BLDU,,0.005,23.88,29.54,1.6,13.0,16.5,2013,4,8
13,2013-04-09,23.0,9.0,16.0,,10.0,12.0,49.0,0.0,,,SN FZFG BR BLSN,,0.02,24.22,30.17,15.0,1.0,15.1,2013,4,9
13,2013-04-10,24.0,2.0,13.0,,9.0,14.0,52.0,0.0,,,SN BR,,0.005,24.16,30.21,2.2,9.0,5.7,2013,4,10
13,2013-04-11,53.0,22.0,37.5,,26.0,33.0,27.0,0.0,,,MD,,0.0,24.03,29.84,2.2,4.0,8.1,2013,4,11
13,2013-04-12,59.0,27.0,43.0,,29.0,35.0,22.0,0.0,,,BR,,0.0,24.13,29.91,1.8,13.0,8.3,2013,4,12
13,2013-04-13,67.0,33.0,50.0,,24.0,39.0,15.0,0.0,,,RA BR,,0.05,23.84,29.54,4.8,22.0,10.8,2013,4,13
13,2013-04-14,51.0,33.0,42.0,,18.0,33.0,23.0,0.0,,,MD,,0.17,23.9,29.57,6.8,31.0,11.5,2013,4,14
13,2013-04-15,37.0,22.0,29.5,,22.0,26.0,35.0,0.0,,,SN FG+ FZFG BR,,0.16,24.05,29.87,2.1,30.0,9.9,2013,4,15
13,2013-04-16,44.0,22.0,33.0,,26.0,29.0,32.0,0.0,,,SN FZFG BR BLSN,,0.01,24.08,29.96,5.8,17.0,14.3,2013,4,16
13,2013-04-17,30.0,17.0,23.5,,23.0,24.0,41.0,0.0,,,FZDZ SN FZFG BR,,0.11,24.16,30.05,9.6,36.0,11.5,2013,4,17
13,2013-04-18,34.0,8.0,21.0,,12.0,20.0,44.0,0.0,,,MD,,0.0,24.26,30.23,2.3,35.0,6.0,2013,4,18
13,2013-04-19,53.0,24.0,38.5,,17.0,31.0,26.0,0.0,,,MD,,0.0,24.21,30.05,4.0,23.0,6.2,2013,4,19
13,2013-04-20,57.0,32.0,44.5,,28.0,37.0,20.0,0.0,,,MD,,0.005,24.15,29.91,2.0,18.0,4.8,2013,4,20
13,2013-04-21,62.0,32.0,47.0,,26.0,38.0,18.0,0.0,,,MD,,0.005,24.21,29.98,0.4,29.0,7.6,2013,4,21
13,2013-04-22,53.0,20.0,36.5,,26.0,30.0,28.0,0.0,,,SN FZFG BR,,0.13,24.29,30.09,7.0,1.0,10.9,2013,4,22
13,2013-04-23,31.0,18.0,24.5,,17.0,21.0,40.0,0.0,,,SN FZFG BR,,0.09,24.32,30.31,1.7,9.0,5.2,2013,4,23
13,2013-04-24,52.0,23.0,37.5,,17.0,30.0,27.0,0.0,,,MD,,0.0,24.32,30.21,0.7,33.0,7.7,2013,4,24
13,2013-04-25,64.0,33.0,48.5,,21.0,37.0,16.0,0.0,,,MD,,0.0,24.21,29.98,1.4,10.0,6.8,2013,4,25
13,2013-04-26,63.0,33.0,48.0,,22.0,38.0,17.0,0.0,,,MD,,0.0,24.36,30.11,0.9,5.0,6.6,2013,4,26
13,2013-04-27,70.0,44.0,57.0,,20.0,41.0,8.0,0.0,,,MD,,0.0,24.32,30.05,4.3,24.0,7.4,2013,4,27
13,2013-04-28,76.0,44.0,60.0,,22.0,44.0,5.0,0.0,,,MD,,0.0,24.17,29.83,1.3,24.0,7.6,2013,4,28
13,2013-04-29,77.0,45.0,61.0,,26.0,46.0,4.0,0.0,,,MD,,0.0,24.01,29.62,4.5,22.0,9.4,2013,4,29
13,2013-04-30,60.0,36.0,48.0,,32.0,41.0,17.0,0.0,,,RA BR,,0.005,24.06,29.72,6.3,3.0,10.0,2013,4,30
13,2013-05-01,37.0,23.0,30.0,,27.0,28.0,35.0,0.0,,,SN FZFG BR,,0.28,24.5,30.39,9.7,1.0,10.6,2013,5,1
13,2013-05-02,43.0,16.0,29.5,,19.0,27.0,35.0,0.0,,,SN BR,,0.005,24.64,30.67,1.0,22.0,4.8,2013,5,2
13,2013-05-03,58.0,27.0,42.5,,21.0,35.0,22.0,0.0,,,MD,,0.0,24.35,30.21,2.9,6.0,5.5,2013,5,3
13,2013-05-04,57.0,31.0,44.0,,27.0,37.0,21.0,0.0,,,MD,,0.0,24.33,30.12,2.6,9.0,6.8,2013,5,4
13,2013-05-05,57.0,33.0,45.0,,25.0,37.0,20.0,0.0,,,MD,,0.0,24.32,30.12,1.0,30.0,6.7,2013,5,5
13,2013-05-06,61.0,39.0,50.0,,32.0,42.0,15.0,0.0,,,MD,,0.0,24.2,29.95,3.4,23.0,7.5,2013,5,6
13,2013-05-07,68.0,42.0,55.0,,36.0,45.0,10.0,0.0,,,TS TSRA,,0.03,24.18,29.87,2.4,31.0,6.6,2013,5,7
13,2013-05-08,59.0,41.0,50.0,,42.0,44.0,15.0,0.0,,,TSRA RA BR,,0.72,24.23,29.98,3.7,25.0,6.9,2013,5,8
13,2013-05-09,54.0,40.0,47.0,,41.0,43.0,18.0,0.0,,,TSRA RA BR,,0.53,24.36,30.15,3.7,27.0,6.8,2013,5,9
13,2013-05-10,62.0,36.0,49.0,,36.0,43.0,16.0,0.0,,,MD,,0.005,24.42,30.21,4.4,30.0,7.4,2013,5,10
13,2013-05-11,66.0,41.0,53.5,,37.0,45.0,11.0,0.0,,,TS RA,,0.005,24.49,30.27,2.0,20.0,5.4,2013,5,11
13,2013-05-12,75.0,49.0,62.0,,34.0,48.0,3.0,0.0,,,MD,,0.0,24.38,30.09,4.5,24.0,7.4,2013,5,12
13,2013-05-13,81.0,52.0,66.5,,36.0,51.0,0.0,2.0,,,MD,,0.0,24.34,29.99,4.6,22.0,7.4,2013,5,13
13,2013-05-14,84.0,58.0,71.0,,37.0,52.0,0.0,6.0,,,RA,,0.005,24.24,29.85,7.1,24.0,10.6,2013,5,14
13,2013-05-15,79.0,53.0,66.0,,42.0,52.0,0.0,1.0,,,TS RA,,0.005,24.19,29.83,2.8,24.0,6.2,2013,5,15
13,2013-05-16,79.0,48.0,63.5,,39.0,51.0,1.0,0.0,,,MD,,0.0,24.13,29.76,3.1,18.0,6.3,2013,5,16
13,2013-05-17,84.0,49.0,66.5,,27.0,49.0,0.0,2.0,,,MD,,0.0,24.1,29.69,5.7,21.0,7.8,2013,5,17
13,2013-05-18,74.0,48.0,61.0,,29.0,46.0,4.0,0.0,,,MD,,0.0,24.1,29.71,2.0,27.0,7.2,2013,5,18
13,2013-05-19,69.0,45.0,57.0,,33.0,45.0,8.0,0.0,,,MD,,0.005,24.06,29.72,0.9,34.0,8.1,2013,5,19
13,2013-05-20,64.0,41.0,52.5,,39.0,45.0,12.0,0.0,,,TS TSRA RA BR,,0.08,24.18,29.88,0.9,9.0,5.7,2013,5,20
13,2013-05-21,69.0,38.0,53.5,,33.0,44.0,11.0,0.0,,,MD,,0.0,24.19,29.91,3.0,4.0,7.9,2013,5,21
13,2013-05-22,75.0,40.0,57.5,,36.0,47.0,7.0,0.0,,,RA,,0.01,24.18,29.85,2.1,17.0,7.1,2013,5,22
13,2013-05-23,68.0,48.0,58.0,,44.0,50.0,7.0,0.0,,,MD,,0.0,24.25,29.94,14.9,16.0,15.5,2013,5,23
13,2013-05-24,85.0,52.0,68.5,,36.0,52.0,0.0,4.0,,,MD,,0.0,24.19,29.82,6.2,21.0,11.2,2013,5,24
13,2013-05-25,86.0,52.0,69.0,,31.0,51.0,0.0,4.0,,,MD,,0.0,24.18,29.78,4.4,24.0,6.2,2013,5,25
13,2013-05-26,84.0,53.0,68.5,,28.0,49.0,0.0,4.0,,,TS,,0.0,24.16,29.74,0.2,18.0,6.1,2013,5,26
13,2013-05-27,81.0,50.0,65.5,,27.0,48.0,0.0,1.0,,,MD,,0.0,24.08,29.66,3.8,22.0,6.7,2013,5,27
13,2013-05-28,81.0,44.0,62.5,,36.0,49.0,2.0,0.0,,,MD,,0.0,23.96,29.57,5.7,17.0,10.2,2013,5,28
13,2013-05-29,63.0,48.0,55.5,,41.0,48.0,9.0,0.0,,,TS,,0.15,23.95,29.56,5.9,36.0,8.4,2013,5,29
13,2013-05-30,69.0,43.0,56.0,,27.0,43.0,9.0,0.0,,,MD,,0.0,24.03,29.66,11.7,29.0,13.5,2013,5,30
13,2013-05-31,71.0,44.0,57.5,,18.0,42.0,7.0,0.0,,,MD,,0.0,24.17,29.82,10.3,31.0,11.7,2013,5,31
13,2013-06-01,68.0,39.0,53.5,,33.0,44.0,11.0,0.0,,,MD,,0.0,24.37,30.1,2.7,6.0,7.4,2013,6,1
13,2013-06-02,83.0,44.0,63.5,,31.0,48.0,1.0,0.0,,,MD,,0.0,24.2,29.88,4.4,16.0,5.8,2013,6,2
13,2013-06-03,90.0,56.0,73.0,,25.0,50.0,0.0,8.0,,,MD,,0.0,24.1,29.63,6.0,26.0,11.3,2013,6,3
13,2013-06-04,74.0,49.0,61.5,,44.0,51.0,3.0,0.0,,,TSRA RA BR,,0.24,24.29,29.92,6.0,2.0,8.4,2013,6,4
13,2013-06-05,54.0,45.0,49.5,,44.0,47.0,15.0,0.0,,,DZ BR,,0.02,24.37,30.13,2.6,7.0,5.0,2013,6,5
13,2013-06-06,77.0,44.0,60.5,,39.0,50.0,4.0,0.0,,,MD,,0.0,24.31,30.01,1.8,8.0,6.6,2013,6,6
13,2013-06-07,82.0,49.0,65.5,,39.0,51.0,0.0,1.0,,,MD,,0.005,24.2,29.85,4.7,24.0,7.4,2013,6,7
13,2013-06-08,75.0,51.0,63.0,,40.0,52.0,2.0,0.0,,,MD,,0.0,24.19,29.79,3.8,1.0,10.1,2013,6,8
13,2013-06-09,89.0,49.0,69.0,,33.0,51.0,0.0,4.0,,,MD,,0.0,24.24,29.86,4.6,17.0,7.3,2013,6,9
13,2013-06-10,96.0,61.0,78.5,,30.0,54.0,0.0,14.0,,,MD,,0.0,24.19,29.72,6.3,21.0,10.0,2013,6,10
13,2013-06-11,97.0,62.0,79.5,,21.0,52.0,0.0,15.0,,,MD,,0.0,24.16,29.68,9.8,23.0,11.5,2013,6,11
13,2013-06-12,91.0,54.0,72.5,,28.0,51.0,0.0,8.0,,,FU,,0.0,24.32,29.9,8.7,16.0,9.8,2013,6,12
13,2013-06-13,91.0,56.0,73.5,,49.0,59.0,0.0,9.0,,,MD,,0.0,24.26,29.87,4.0,26.0,8.8,2013,6,13
13,2013-06-14,88.0,59.0,73.5,,37.0,54.0,0.0,9.0,,,MD,,0.0,24.21,29.77,7.6,18.0,12.5,2013,6,14
13,2013-06-15,82.0,56.0,69.0,,45.0,55.0,0.0,4.0,,,MD,,0.0,24.29,29.91,1.8,33.0,7.7,2013,6,15
13,2013-06-16,84.0,58.0,71.0,,39.0,53.0,0.0,6.0,,,TS TSRA,,0.005,24.32,29.96,4.4,23.0,9.2,2013,6,16
13,2013-06-17,79.0,50.0,64.5,,39.0,52.0,0.0,0.0,,,MD,,0.0,24.34,30.0,3.1,20.0,6.5,2013,6,17
13,2013-06-18,86.0,53.0,69.5,,45.0,55.0,0.0,5.0,,,TS,,0.0,24.26,29.9,5.8,17.0,10.2,2013,6,18
13,2013-06-19,92.0,54.0,73.0,,37.0,54.0,0.0,8.0,,,HZ FU,,0.0,24.08,29.66,12.5,17.0,13.8,2013,6,19
13,2013-06-20,90.0,57.0,73.5,,28.0,51.0,0.0,9.0,,,FU,,0.0,24.15,29.7,3.6,3.0,8.0,2013,6,20
13,2013-06-21,94.0,55.0,74.5,,30.0,53.0,0.0,10.0,,,FU,,0.0,24.14,29.7,2.0,27.0,6.2,2013,6,21
13,2013-06-22,87.0,55.0,71.0,,44.0,55.0,0.0,6.0,,,MD,,0.0,24.16,29.74,2.2,36.0,6.2,2013,6,22
13,2013-06-23,86.0,50.0,68.0,,44.0,54.0,0.0,3.0,,,TS TSRA,,0.23,24.21,29.81,4.3,14.0,7.8,2013,6,23
13,2013-06-24,89.0,54.0,71.5,,38.0,54.0,0.0,7.0,,,MD,,0.0,24.11,29.7,6.8,18.0,9.4,2013,6,24
13,2013-06-25,90.0,57.0,73.5,,30.0,52.0,0.0,9.0,,,MD,,0.0,24.21,29.76,1.1,34.0,6.3,2013,6,25
13,2013-06-26,95.0,57.0,76.0,,34.0,55.0,0.0,11.0,,,MD,,0.0,24.32,29.89,4.6,13.0,7.0,2013,6,26
13,2013-06-27,95.0,59.0,77.0,,37.0,56.0,0.0,12.0,,,MD,,0.0,24.44,30.01,3.8,8.0,8.1,2013,6,27
13,2013-06-28,92.0,62.0,77.0,,50.0,60.0,-12.0,12.0,,,TSRA RA,,0.53,24.42,30.04,0.8,8.0,11.5,2013,6,28
13,2013-06-29,81.0,60.0,70.5,,52.0,59.0,0.0,6.0,,,MD,,0.005,24.42,30.05,2.7,25.0,4.9,2013,6,29
13,2013-06-30,74.0,59.0,66.5,,54.0,59.0,0.0,2.0,,,TSRA,,0.19,24.41,30.07,2.8,26.0,7.7,2013,6,30
13,2013-07-01,77.0,55.0,66.0,,52.0,57.0,0.0,1.0,,,RA,,0.06,24.46,30.14,1.5,17.0,6.7,2013,7,1
13,2013-07-02,82.0,53.0,67.5,,46.0,56.0,0.0,3.0,,,MD,,0.0,24.41,30.08,1.5,7.0,7.0,2013,7,2
13,2013-07-03,87.0,55.0,71.0,,43.0,55.0,0.0,6.0,,,MD,,0.0,24.26,29.88,1.1,2.0,6.7,2013,7,3
13,2013-07-04,90.0,59.0,74.5,,42.0,56.0,0.0,10.0,,,MD,,0.0,24.23,29.81,3.3,29.0,7.3,2013,7,4
13,2013-07-05,89.0,62.0,75.5,,48.0,58.0,0.0,11.0,,,TS RA,,0.01,24.18,29.74,2.6,25.0,6.9,2013,7,5
13,2013-07-06,88.0,64.0,76.0,,47.0,58.0,0.0,11.0,,,TS,,0.005,24.24,29.79,3.0,21.0,8.2,2013,7,6
13,2013-07-07,85.0,61.0,73.0,,49.0,58.0,0.0,8.0,,,TS RA,,0.005,24.3,29.9,3.6,21.0,8.1,2013,7,7
13,2013-07-08,93.0,64.0,78.5,,44.0,58.0,0.0,14.0,,,MD,,0.0,24.33,29.91,4.2,27.0,11.0,2013,7,8
13,2013-07-09,92.0,61.0,76.5,,40.0,57.0,0.0,12.0,,,MD,,0.0,24.4,30.0,5.1,24.0,7.1,2013,7,9
13,2013-07-10,89.0,59.0,74.0,,50.0,59.0,0.0,9.0,,,TSRA,,0.01,24.37,29.99,5.6,17.0,11.0,2013,7,10
13,2013-07-11,97.0,61.0,79.0,,51.0,61.0,0.0,14.0,,,TS TSRA,,0.02,24.26,29.84,9.7,18.0,12.0,2013,7,11
13,2013-07-12,91.0,63.0,77.0,,52.0,61.0,0.0,12.0,,,TS,,0.01,24.27,29.84,2.6,36.0,6.9,2013,7,12
13,2013-07-13,92.0,62.0,77.0,,56.0,62.0,0.0,12.0,,,BCFG,,0.11,24.36,29.96,0.8,28.0,7.4,2013,7,13
13,2013-07-14,80.0,58.0,69.0,,58.0,62.0,0.0,4.0,,,TS TSRA,,0.19,24.41,30.06,3.4,34.0,8.4,2013,7,14
13,2013-07-15,75.0,60.0,67.5,,55.0,60.0,0.0,3.0,,,TSRA,,0.02,24.39,30.06,9.5,17.0,9.8,2013,7,15
13,2013-07-16,80.0,55.0,67.5,,48.0,56.0,0.0,3.0,,,MD,,0.0,24.4,30.07,13.5,16.0,14.1,2013,7,16
13,2013-07-17,86.0,58.0,72.0,,49.0,59.0,0.0,7.0,,,MD,,0.0,24.4,30.05,15.1,17.0,15.3,2013,7,17
13,2013-07-18,92.0,61.0,76.5,,49.0,60.0,0.0,12.0,,,MD,,0.0,24.37,29.97,7.4,33.0,10.9,2013,7,18
13,2013-07-19,83.0,62.0,72.5,,53.0,60.0,0.0,8.0,,,MD,,0.0,24.38,30.01,2.0,3.0,7.6,2013,7,19
13,2013-07-20,92.0,58.0,75.0,,50.0,60.0,0.0,10.0,,,MD,,0.0,24.26,29.87,2.7,10.0,7.3,2013,7,20
13,2013-07-21,90.0,63.0,76.5,,47.0,59.0,0.0,12.0,,,MD,,0.0,24.21,29.78,3.5,20.0,10.2,2013,7,21
13,2013-07-22,95.0,66.0,80.5,,38.0,57.0,0.0,16.0,,,MD,,0.0,24.24,29.79,0.9,23.0,7.2,2013,7,22
13,2013-07-23,90.0,66.0,78.0,,41.0,57.0,0.0,13.0,,,MD,,0.0,24.32,29.88,1.7,1.0,6.5,2013,7,23
13,2013-07-24,81.0,59.0,70.0,,54.0,61.0,0.0,5.0,,,TSRA RA,,0.005,24.37,29.99,9.5,19.0,13.3,2013,7,24
13,2013-07-25,82.0,55.0,68.5,,52.0,57.0,0.0,4.0,,,RA,,0.04,24.41,30.08,3.1,28.0,7.4,2013,7,25
13,2013-07-26,87.0,54.0,70.5,,46.0,56.0,0.0,6.0,,,MD,,0.0,24.44,30.12,1.5,15.0,5.4,2013,7,26
13,2013-07-27,80.0,60.0,70.0,,51.0,59.0,0.0,5.0,,,TSRA,,0.06,24.32,29.95,4.2,2.0,9.3,2013,7,27
13,2013-07-28,70.0,60.0,65.0,,57.0,60.0,0.0,0.0,,,RA BR,,0.06,24.23,29.89,1.2,18.0,7.9,2013,7,28
13,2013-07-29,72.0,58.0,65.0,,55.0,59.0,0.0,0.0,,,RA FG+ BR HZ,,0.01,24.33,29.98,2.7,31.0,6.2,2013,7,29
13,2013-07-30,86.0,52.0,69.0,,47.0,57.0,0.0,4.0,,,MD,,0.005,24.44,30.1,1.3,29.0,7.4,2013,7,30
13,2013-07-31,89.0,60.0,74.5,,47.0,58.0,0.0,10.0,,,MD,,0.005,24.47,30.11,0.3,17.0,5.4,2013,7,31
13,2013-08-01,91.0,60.0,75.5,,48.0,58.0,0.0,11.0,,,TS SQ,,0.005,24.32,29.92,8.7,21.0,11.2,2013,8,1
13,2013-08-02,91.0,59.0,75.0,,46.0,58.0,0.0,10.0,,,TSRA,,0.04,24.28,29.87,1.9,15.0,6.9,2013,8,2
13,2013-08-03,90.0,57.0,73.5,,51.0,59.0,0.0,9.0,,,TSRA RA BR,,1.44,24.37,30.0,4.2,14.0,8.4,2013,8,3
13,2013-08-04,88.0,60.0,74.0,,49.0,59.0,0.0,9.0,,,TS,,0.005,24.36,30.0,1.5,20.0,9.1,2013,8,4
13,2013-08-05,87.0,65.0,76.0,,47.0,58.0,0.0,11.0,,,MD,,0.005,24.32,29.92,2.6,27.0,9.2,2013,8,5
13,2013-08-06,88.0,61.0,74.5,,45.0,57.0,0.0,10.0,,,RA,,0.01,24.29,29.89,3.5,26.0,9.8,2013,8,6
13,2013-08-07,71.0,55.0,63.0,,51.0,57.0,2.0,0.0,,,RA,,0.01,24.32,29.96,7.1,18.0,9.1,2013,8,7
13,2013-08-08,75.0,54.0,64.5,,53.0,57.0,0.0,0.0,,,TSRA RA BR,,0.23,24.36,30.03,2.3,27.0,6.3,2013,8,8
13,2013-08-09,78.0,52.0,65.0,,49.0,55.0,0.0,0.0,,,TSRA BR,,0.23,24.42,30.11,5.5,18.0,7.1,2013,8,9
13,2013-08-10,86.0,52.0,69.0,,46.0,55.0,0.0,4.0,,,TSRA RA,,0.4,24.41,30.08,3.4,16.0,6.6,2013,8,10
13,2013-08-11,80.0,59.0,69.5,,47.0,56.0,0.0,5.0,,,TS,,0.005,24.4,30.06,2.1,26.0,5.4,2013,8,11
13,2013-08-12,81.0,55.0,68.0,,51.0,57.0,0.0,3.0,,,TSRA RA,,0.27,24.42,30.09,1.9,20.0,7.3,2013,8,12
13,2013-08-13,76.0,54.0,65.0,,50.0,56.0,0.0,0.0,,,MD,,0.02,24.42,30.11,3.0,23.0,5.8,2013,8,13
13,2013-08-14,81.0,53.0,67.0,,47.0,55.0,0.0,2.0,,,MD,,0.0,24.4,30.08,1.0,36.0,4.9,2013,8,14
13,2013-08-15,84.0,62.0,73.0,,43.0,55.0,-8.0,8.0,,,MD,,0.0,24.360000000000003,29.98266666666667,1.4,31.0,6.5,2013,8,15
13,2013-08-16,89.0,55.0,72.0,,40.0,55.0,0.0,7.0,,,MD,,0.0,24.39,30.01,3.4,15.0,5.8,2013,8,16
13,2013-08-17,92.0,56.0,74.0,,40.0,56.0,0.0,9.0,,,MD,,0.0,24.34,29.94,4.8,17.0,7.1,2013,8,17
13,2013-08-18,92.0,62.0,77.0,,44.0,58.0,0.0,12.0,,,MD,,0.0,24.35,29.93,0.8,30.0,6.5,2013,8,18
13,2013-08-19,92.0,61.0,76.5,,42.0,57.0,0.0,12.0,,,MD,,0.0,24.34,29.93,5.2,19.0,6.7,2013,8,19
13,2013-08-20,94.0,62.0,78.0,,38.0,56.0,0.0,13.0,,,MD,,0.0,24.29,29.86,4.5,18.0,6.6,2013,8,20
13,2013-08-21,88.0,62.0,75.0,,46.0,58.0,0.0,10.0,,,MD,,0.005,24.36,29.94,0.8,35.0,4.8,2013,8,21
13,2013-08-22,84.0,60.0,72.0,,56.0,60.0,0.0,7.0,,,TS TSRA RA BR,,0.33,24.42,30.07,1.8,19.0,6.4,2013,8,22
13,2013-08-23,87.0,60.0,73.5,,52.0,59.0,0.0,9.0,,,MD,,0.02,24.29,29.93,4.1,22.0,7.1,2013,8,23
13,2013-08-24,87.0,56.0,71.5,,51.0,59.0,0.0,7.0,,,TS TSRA RA,,0.24,24.32,29.93,3.1,27.0,6.4,2013,8,24
13,2013-08-25,88.0,60.0,74.0,,53.0,61.0,0.0,9.0,,,RA,,0.005,24.37,29.99,3.8,22.0,6.4,2013,8,25
13,2013-08-26,91.0,61.0,76.0,,52.0,61.0,0.0,11.0,,,MD,,0.005,24.38,29.98,0.8,28.0,5.7,2013,8,26
13,2013-08-27,89.0,61.0,75.0,,52.0,61.0,0.0,10.0,,,MD,,0.0,24.36,29.96,3.0,16.0,4.3,2013,8,27
13,2013-08-28,91.0,59.0,75.0,,48.0,59.0,0.0,10.0,,,MD,,0.0,24.36,29.95,1.1,26.0,3.7,2013,8,28
13,2013-08-29,93.0,60.0,76.5,,46.0,59.0,0.0,12.0,,,MD,,0.0,24.4,30.0,2.8,27.0,5.6,2013,8,29
13,2013-08-30,92.0,64.0,78.0,,50.0,60.0,0.0,13.0,,,TS RA,,0.005,24.4,30.0,4.0,22.0,6.3,2013,8,30
13,2013-08-31,89.0,63.0,76.0,,48.0,59.0,0.0,11.0,,,MD,,0.0,24.34,29.94,4.1,29.0,7.6,2013,8,31
13,2013-09-01,78.0,62.0,70.0,,54.0,60.0,0.0,5.0,,,MD,,0.005,24.4,30.04,0.9,22.0,6.2,2013,9,1
13,2013-09-02,90.0,57.0,73.5,,51.0,60.0,0.0,9.0,,,MD,,0.0,24.34,29.97,3.3,19.0,5.8,2013,9,2
13,2013-09-03,93.0,67.0,80.0,,49.0,60.0,0.0,15.0,,,TSRA,,0.02,24.36,29.94,3.5,21.0,7.3,2013,9,3
13,2013-09-04,90.0,67.0,78.5,,50.0,60.0,0.0,14.0,,,TS,,0.0,24.42,30.02,4.3,22.0,7.4,2013,9,4
13,2013-09-05,92.0,64.0,78.0,,46.0,59.0,0.0,13.0,,,TSRA,,0.005,24.41,30.02,3.0,18.0,5.4,2013,9,5
13,2013-09-06,95.0,63.0,79.0,,43.0,57.0,0.0,14.0,,,MD,,0.0,24.37,29.97,0.6,16.0,5.4,2013,9,6
13,2013-09-07,92.0,57.0,74.5,,41.0,56.0,0.0,10.0,,,MD,,0.0,24.33,29.93,4.4,15.0,6.3,2013,9,7
13,2013-09-08,92.0,58.0,75.0,,44.0,56.0,0.0,10.0,,,RA,,0.005,24.24,29.82,0.2,12.0,5.4,2013,9,8
13,2013-09-09,84.0,57.0,70.5,,51.0,58.0,0.0,6.0,,,MD,,0.0,24.25,29.85,2.7,1.0,8.1,2013,9,9
13,2013-09-10,71.0,58.0,64.5,,56.0,58.0,0.0,0.0,,,TS TSRA RA BR,,1.02,24.38,30.06,3.3,1.0,5.3,2013,9,10
13,2013-09-11,70.0,59.0,64.5,,59.0,60.0,0.0,0.0,,,RA BCFG BR,,0.77,24.41,30.11,1.6,31.0,2.5,2013,9,11
13,2013-09-12,63.0,57.0,60.0,,58.0,59.0,5.0,0.0,,,RA BR,,2.2,24.44,30.15,2.0,6.0,6.3,2013,9,12
13,2013-09-13,72.0,56.0,64.0,,56.0,59.0,1.0,0.0,,,RA DZ BR,,0.56,24.24,29.93,6.7,18.0,8.8,2013,9,13
13,2013-09-14,76.0,52.0,64.0,,55.0,57.0,1.0,0.0,,,TS TSRA BR,,0.82,24.23,29.87,1.2,34.0,3.5,2013,9,14
13,2013-09-15,59.0,52.0,55.5,,54.0,54.0,9.0,0.0,,,RA DZ BCFG BR,,0.12,24.42,30.14,2.7,2.0,5.3,2013,9,15
13,2013-09-16,73.0,48.0,60.5,,52.0,55.0,4.0,0.0,,,BR,,0.01,24.36,30.09,3.8,18.0,4.8,2013,9,16
13,2013-09-17,80.0,51.0,65.5,,45.0,55.0,0.0,1.0,,,MD,,0.0,24.21,29.85,4.9,17.0,6.4,2013,9,17
13,2013-09-18,81.0,57.0,69.0,,44.0,54.0,0.0,4.0,,,RA,,0.005,24.15,29.73,8.5,22.0,10.7,2013,9,18
13,2013-09-19,63.0,48.0,55.5,,41.0,48.0,9.0,0.0,,,RA,,0.005,24.34,30.02,2.2,5.0,6.2,2013,9,19
13,2013-09-20,72.0,51.0,61.5,,44.0,51.0,3.5,-3.5,,,MD,,0.0,24.259310344827586,29.90724137931034,2.4,17.0,5.4,2013,9,20
13,2013-09-21,80.0,47.0,63.5,,42.0,52.0,1.0,0.0,,,MD,,0.0,24.18,29.81,5.4,15.0,6.7,2013,9,21
13,2013-09-22,77.0,51.0,64.0,,44.0,52.0,1.0,0.0,,,TS RA BR,,0.38,24.0,29.59,8.0,22.0,9.5,2013,9,22
13,2013-09-23,64.0,44.0,54.0,,37.0,46.0,11.0,0.0,,,RA BR,,0.85,24.06,29.73,11.8,31.0,13.3,2013,9,23
13,2013-09-24,72.0,40.0,56.0,,34.0,46.0,9.0,0.0,,,MD,,0.0,24.23,29.93,7.2,17.0,8.1,2013,9,24
13,2013-09-25,79.0,50.0,64.5,,31.0,48.0,0.0,0.0,,,MD,,0.0,23.94,29.53,14.8,19.0,15.3,2013,9,25
13,2013-09-26,70.0,45.0,57.5,,43.0,49.0,7.0,0.0,,,MD,,0.0,24.02,29.63,3.3,35.0,5.0,2013,9,26
13,2013-09-27,51.0,37.0,44.0,,43.0,44.0,21.0,0.0,,,RA FG+ FG BCFG BR,,0.25,24.11,29.81,3.9,1.0,5.4,2013,9,27
13,2013-09-28,66.0,31.0,48.5,,28.0,40.0,16.0,0.0,,,MD,,0.0,24.31,30.09,2.7,18.0,5.9,2013,9,28
13,2013-09-29,76.0,40.0,58.0,,29.0,44.0,7.0,0.0,,,MD,,0.0,24.23,29.92,2.1,19.0,5.6,2013,9,29
13,2013-09-30,80.0,51.0,65.5,,36.0,50.0,0.0,1.0,,,MD,,0.0,24.14,29.76,2.1,20.0,6.8,2013,9,30
13,2013-10-01,75.0,43.0,59.0,,37.0,47.0,6.0,0.0,,,MD,,0.0,24.24,29.89,5.7,16.0,7.6,2013,10,1
13,2013-10-02,73.0,42.0,57.5,,38.0,48.0,7.0,0.0,,,MD,,0.0,24.18,29.85,3.6,9.0,4.6,2013,10,2
13,2013-10-03,65.0,39.0,52.0,,42.0,46.0,13.0,0.0,,,RA DZ BR,,0.0,24.05,29.74,4.6,4.0,5.6,2013,10,3
13,2013-10-04,47.0,26.0,36.5,,30.0,33.0,28.0,0.0,,,RA SN FG FZFG BR,,0.0,24.26,30.06,8.7,1.0,10.7,2013,10,4
13,2013-10-05,56.0,24.0,40.0,,19.0,32.0,25.0,0.0,,,MD,,0.0,24.36,30.22,4.0,30.0,7.3,2013,10,5
13,2013-10-06,65.0,30.0,47.5,,27.0,39.0,17.0,0.0,,,MD,,0.0,24.42,30.22,2.7,15.0,5.0,2013,10,6
13,2013-10-07,77.0,36.0,56.5,,27.0,43.0,8.0,0.0,,,MD,,0.0,24.27,30.0,4.5,16.0,5.2,2013,10,7
13,2013-10-08,76.0,48.0,62.0,,29.0,46.0,3.0,0.0,,,MD,,0.0,24.08,29.7,5.2,21.0,8.1,2013,10,8
13,2013-10-09,64.0,41.0,52.5,,37.0,45.0,12.0,0.0,,,MD,,0.0,24.18,29.86,3.3,36.0,5.0,2013,10,9
13,2013-10-10,67.0,40.0,53.5,,39.0,44.0,11.0,0.0,,,RA BR,,0.005,23.95,29.66,3.6,22.0,8.1,2013,10,10
13,2013-10-11,61.0,38.0,49.5,,30.0,41.0,15.0,0.0,,,MD,,0.005,24.1,29.77,2.1,24.0,9.3,2013,10,11
13,2013-10-12,58.0,36.0,47.0,,35.0,41.0,18.0,0.0,,,BR,,0.0,24.32,30.1,7.0,18.0,8.2,2013,10,12
13,2013-10-13,64.0,34.0,49.0,,37.0,44.0,16.0,0.0,,,RA,,0.005,24.23,30.0,4.1,18.0,7.4,2013,10,13
13,2013-10-14,55.0,37.0,46.0,,36.0,40.0,19.0,0.0,,,TS RA GS,,0.09,24.19,29.93,3.1,5.0,9.5,2013,10,14
13,2013-10-15,38.0,31.0,34.5,,25.0,30.0,30.0,0.0,,,SN BR,,0.005,24.39,30.29,3.1,5.0,4.5,2013,10,15
13,2013-10-16,52.0,27.0,39.5,,24.0,32.0,25.0,0.0,,,MD,,0.0,24.25,30.11,2.2,16.0,4.6,2013,10,16
13,2013-10-17,50.0,31.0,40.5,,27.0,34.0,24.0,0.0,,,MD,,0.0,24.24,30.07,3.1,9.0,5.8,2013,10,17
13,2013-10-18,41.0,29.0,35.0,,27.0,31.0,30.0,0.0,,,SN BR,,0.1,24.32,30.19,1.6,7.0,6.5,2013,10,18
13,2013-10-19,62.0,29.0,45.5,,20.0,35.0,19.0,0.0,,,MD,,0.0,24.2,30.01,4.8,26.0,8.0,2013,10,19
13,2013-10-20,49.0,30.0,39.5,,30.0,35.0,25.0,0.0,,,RA SN BR,,0.09,24.25,30.02,2.1,5.0,6.9,2013,10,20
13,2013-10-21,55.0,26.0,40.5,,26.0,34.0,24.0,0.0,,,MD,,0.0,24.33,30.19,1.7,21.0,4.4,2013,10,21
13,2013-10-22,61.0,36.0,48.5,,28.0,39.0,16.0,0.0,,,MD,,0.0,24.36,30.14,2.9,17.0,5.4,2013,10,22
13,2013-10-23,63.0,34.0,48.5,,30.0,40.0,16.0,0.0,,,MD,,0.0,24.37,30.14,3.8,12.0,5.6,2013,10,23
13,2013-10-24,56.0,32.0,44.0,,34.0,39.0,21.0,0.0,,,MD,,0.0,24.4,30.23,1.1,35.0,3.6,2013,10,24
13,2013-10-25,66.0,32.0,49.0,,30.0,40.0,16.0,0.0,,,MD,,0.0,24.37,30.16,0.6,12.0,3.7,2013,10,25
13,2013-10-26,60.0,36.0,48.0,,31.0,40.0,17.0,0.0,,,MD,,0.0,24.44,30.25,0.9,18.0,4.2,2013,10,26
13,2013-10-27,67.0,37.0,52.0,,23.0,39.0,13.0,0.0,,,MD,,0.0,24.18,29.92,3.0,20.0,5.6,2013,10,27
13,2013-10-28,47.0,31.0,39.0,,30.0,33.0,26.0,0.0,,,DZ BR,,0.005,24.19,29.99,3.0,2.0,6.4,2013,10,28
13,2013-10-29,43.0,32.0,37.5,,31.0,33.0,27.0,0.0,,,RA BR,,0.01,24.13,29.99,3.5,1.0,4.9,2013,10,29
13,2013-10-30,53.0,30.0,41.5,,30.0,35.0,23.0,0.0,,,RA FG+ FG BR,,0.1,24.08,29.86,0.9,12.0,6.0,2013,10,30
13,2013-10-31,52.0,28.0,40.0,,21.0,32.0,25.0,0.0,,,MD,,0.0,24.08,29.86,7.4,29.0,9.5,2013,10,31
13,2013-11-01,49.0,30.0,39.5,,24.0,33.0,25.0,0.0,,,MD,,0.0,24.32,30.13,1.9,36.0,7.4,2013,11,1
13,2013-11-02,70.0,23.0,46.5,,18.0,35.0,18.0,0.0,,,MD,,0.0,24.19,30.01,4.7,17.0,6.2,2013,11,2
13,2013-11-03,66.0,34.0,50.0,,15.0,37.0,15.0,0.0,,,MD,,0.0,23.93,29.57,1.8,21.0,11.0,2013,11,3
13,2013-11-04,44.0,26.0,35.0,,21.0,29.0,30.0,0.0,,,MD,,0.005,24.14,29.95,7.4,14.0,9.5,2013,11,4
13,2013-11-05,40.0,17.0,28.5,,14.0,25.0,36.0,0.0,,,MD,,0.0,24.24,30.1,3.8,36.0,8.7,2013,11,5
13,2013-11-06,50.0,17.0,33.5,,11.0,27.0,31.0,0.0,,,MD,,0.0,24.39,30.28,2.9,30.0,8.3,2013,11,6
13,2013-11-07,61.0,27.0,44.0,,17.0,33.0,21.0,0.0,,,MD,,0.0,24.39,30.25,3.6,15.0,7.3,2013,11,7
13,2013-11-08,65.0,38.0,51.5,,17.0,37.0,13.0,0.0,,,MD,,0.0,24.13,29.84,5.7,18.0,10.0,2013,11,8
13,2013-11-09,64.0,35.0,49.5,,23.0,36.0,15.0,0.0,,,MD,,0.0,24.34,30.12,1.9,19.0,4.3,2013,11,9
13,2013-11-10,66.0,30.0,48.0,,21.0,36.0,17.0,0.0,,,MD,,0.0,24.39,30.19,3.1,17.0,4.8,2013,11,10
13,2013-11-11,65.0,29.0,47.0,,22.0,33.0,18.0,0.0,,,BR HZ,,0.0,24.53,30.35,0.2,14.0,5.8,2013,11,11
13,2013-11-12,61.0,29.0,45.0,,25.0,35.0,20.0,0.0,,,BR,,0.0,24.62,30.54,5.7,18.0,7.1,2013,11,12
13,2013-11-13,67.0,30.0,48.5,,10.0,35.0,16.0,0.0,,,MD,,0.0,24.34,30.14,3.4,22.0,4.6,2013,11,13
13,2013-11-14,57.0,39.0,48.0,,26.0,38.0,17.0,0.0,,,MD,,0.0,24.16,29.91,4.6,15.0,6.6,2013,11,14
13,2013-11-15,62.0,33.0,47.5,,17.0,36.0,17.0,0.0,,,MD,,0.0,23.85,29.54,11.9,23.0,12.9,2013,11,15
13,2013-11-16,58.0,30.0,44.0,,19.0,34.0,21.0,0.0,,,MD,,0.0,23.72,29.36,8.6,23.0,10.4,2013,11,16
13,2013-11-17,53.0,28.0,40.5,,17.0,32.0,24.0,0.0,,,MD,,0.0,24.11,29.85,4.7,18.0,10.3,2013,11,17
13,2013-11-18,64.0,25.0,44.5,,11.0,31.0,20.0,0.0,,,MD,,0.0,24.26,30.07,4.4,16.0,5.7,2013,11,18
13,2013-11-19,59.0,30.0,44.5,,13.0,33.0,20.0,0.0,,,MD,,0.0,24.05,29.79,3.6,19.0,6.2,2013,11,19
13,2013-11-20,56.0,28.0,42.0,,21.0,34.0,23.0,0.0,,,SN BR,,0.005,24.07,29.81,2.8,9.0,4.9,2013,11,20
13,2013-11-21,28.0,11.0,19.5,,11.0,14.0,45.0,0.0,,,SN BR,,0.08,24.47,30.44,7.0,2.0,7.5,2013,11,21
13,2013-11-22,33.0,14.0,23.5,,15.0,22.0,41.0,0.0,,,MD,,0.0,24.6,30.65,0.7,35.0,3.4,2013,11,22
13,2013-11-23,35.0,24.0,29.5,,15.0,24.0,35.0,0.0,,,MD,,0.0,24.57,30.57,2.2,15.0,4.1,2013,11,23
13,2013-11-24,36.0,22.0,29.0,,21.0,26.0,36.0,0.0,,,BR HZ,,0.0,24.21,30.13,1.8,28.0,4.5,2013,11,24
13,2013-11-25,37.0,26.0,31.5,,22.0,28.0,33.0,0.0,,,SN BR,,0.01,24.37,30.27,2.5,1.0,6.3,2013,11,25
13,2013-11-26,46.0,22.0,34.0,,19.0,29.0,31.0,0.0,,,MD,,0.0,24.46,30.39,2.5,21.0,6.3,2013,11,26
13,2013-11-27,63.0,28.0,45.5,,16.0,32.0,19.0,0.0,,,MD,,0.0,24.29,30.13,4.2,19.0,5.7,2013,11,27
13,2013-11-28,50.0,26.0,38.0,,22.0,30.0,27.0,0.0,,,MD,,0.0,24.32,30.19,0.6,24.0,4.1,2013,11,28
13,2013-11-29,60.0,25.0,42.5,,17.0,32.0,22.0,0.0,,,MD,,0.0,24.31,30.14,1.2,21.0,3.8,2013,11,29
13,2013-11-30,57.0,27.0,42.0,,11.0,30.0,23.0,0.0,,,MD,,0.0,24.33,30.16,1.6,22.0,3.3,2013,11,30
13,2013-12-01,53.0,23.0,38.0,,15.0,31.0,27.0,0.0,,,MD,,0.0,24.21,30.03,1.8,31.0,5.5,2013,12,1
13,2013-12-02,59.0,35.0,47.0,,19.0,36.0,18.0,0.0,,,MD,,0.0,23.95,29.65,4.5,30.0,9.0,2013,12,2
13,2013-12-03,56.0,10.0,33.0,,16.0,26.0,32.0,0.0,,,SN BR,,0.005,23.85,29.57,2.3,1.0,9.4,2013,12,3
13,2013-12-04,10.0,-8.0,1.0,,0.0,3.0,64.0,0.0,,,SN BR,,0.13,24.03,30.04,4.2,6.0,7.2,2013,12,4
13,2013-12-05,5.0,-13.0,-4.0,,-7.0,-2.0,69.0,0.0,,,SN BR HZ,,0.005,24.14,30.3,0.7,35.0,4.6,2013,12,5
13,2013-12-06,8.0,-13.0,-2.5,,-7.0,-3.0,67.0,0.0,,,SN BR,,0.005,24.25,30.43,0.3,7.0,0.7,2013,12,6
13,2013-12-07,9.0,-10.0,-0.5,,-3.0,0.0,65.0,0.0,,,SN BR HZ,,0.005,24.06,30.21,1.6,35.0,2.2,2013,12,7
13,2013-12-08,18.0,-3.0,7.5,,1.0,5.0,57.0,0.0,,,SN BR HZ,,0.01,23.99,30.03,2.3,17.0,4.0,2013,12,8
13,2013-12-09,23.0,-4.0,9.5,,-2.0,7.0,55.0,0.0,,,SN BR,,0.005,24.19,30.25,2.9,24.0,4.7,2013,12,9
13,2013-12-10,45.0,3.0,24.0,,8.0,20.0,41.0,0.0,,,MD,,0.0,24.21,30.16,6.5,13.0,8.2,2013,12,10
13,2013-12-11,40.0,9.0,24.5,,12.0,19.0,40.0,0.0,,,MD,,0.0,24.4,30.39,5.0,15.0,7.1,2013,12,11
13,2013-12-12,54.0,20.0,37.0,,11.0,27.0,28.0,0.0,,,MD,,0.0,24.28,30.19,2.8,16.0,3.9,2013,12,12
13,2013-12-13,46.0,19.0,32.5,,12.0,25.0,32.0,0.0,,,MD,,0.0,24.15,29.98,1.5,6.0,3.5,2013,12,13
13,2013-12-14,40.0,19.0,29.5,,15.0,25.0,35.0,0.0,,,MD,,0.0,24.36,30.28,4.2,18.0,5.1,2013,12,14
13,2013-12-15,54.0,23.0,38.5,,15.0,31.0,26.0,0.0,,,MD,,0.0,24.31,30.17,5.9,25.0,8.6,2013,12,15
13,2013-12-16,60.0,31.0,45.5,,13.0,34.0,19.0,0.0,,,MD,,0.0,24.35,30.13,6.8,30.0,10.1,2013,12,16
13,2013-12-17,61.0,26.0,43.5,,14.0,33.0,21.0,0.0,,,MD,,0.0,24.38,30.22,5.1,19.0,7.1,2013,12,17
13,2013-12-18,65.0,15.0,40.0,,12.0,36.0,25.0,0.0,,,MD,,0.0,24.05,30.102666666666664,6.2,20.0,8.6,2013,12,18
13,2013-12-19,59.0,15.0,37.0,,18.0,29.0,28.0,0.0,,,SN BR,,0.0,23.93,29.66,1.3,2.0,9.8,2013,12,19
13,2013-12-20,24.0,15.0,19.5,,17.0,19.0,45.0,0.0,,,SN BR HZ,,0.005,23.93,29.83,0.8,5.0,3.2,2013,12,20
13,2013-12-21,29.0,14.0,21.5,,17.0,20.0,43.0,0.0,,,SN BR HZ,,0.005,23.9,29.78,2.2,30.0,4.6,2013,12,21
13,2013-12-22,40.0,14.0,27.0,,13.0,22.0,38.0,0.0,,,SN BR,,0.005,24.2,30.1,0.7,31.0,7.8,2013,12,22
13,2013-12-23,47.0,16.0,31.5,,16.0,25.0,33.0,0.0,,,SN BR,,0.005,24.33,30.27,1.9,18.0,4.8,2013,12,23
13,2013-12-24,54.0,19.0,36.5,,17.0,30.0,28.0,0.0,,,MD,,0.0,24.29,30.13,4.8,27.0,11.5,2013,12,24
13,2013-12-25,44.0,14.0,29.0,,6.0,21.0,36.0,0.0,,,MD,,0.0,24.43,30.39,5.4,17.0,6.6,2013,12,25
13,2013-12-26,50.0,25.0,37.5,,8.0,27.0,27.0,0.0,,,MD,,0.0,24.4,30.29,3.9,17.0,7.2,2013,12,26
13,2013-12-27,58.0,27.0,42.5,,15.0,31.0,22.0,0.0,,,MD,,0.0,24.36,30.21,4.4,19.0,5.7,2013,12,27
13,2013-12-28,58.0,19.0,38.5,,18.0,30.0,26.0,0.0,,,SN BR,,0.05,24.21,30.0,5.9,1.0,10.1,2013,12,28
13,2013-12-29,38.0,7.0,22.5,,11.0,18.0,42.0,0.0,,,SN BR,,0.01,24.25,30.22,2.1,19.0,6.2,2013,12,29
13,2013-12-30,42.06666666666667,13.133333333333333,27.6,,13.0,27.0,37.4,-37.4,,,MD,,0.008166666666666668,24.186000000000003,30.16,5.7,31.0,6.456666666666664,2013,12,30
13,2013-12-31,55.0,27.0,41.0,,17.0,21.733333333333334,24.0,0.0,,,MD,,0.0,24.19,30.01,3.5,15.0,6.7,2013,12,31
13,2014-01-01,39.0,17.0,28.0,,22.0,27.0,37.0,0.0,,,SN FZFG BR,,0.04,24.32,30.18,2.3,3.0,7.3,2014,1,1
13,2014-01-02,48.0,16.0,32.0,,16.0,26.0,33.0,0.0,,,MD,,0.0,24.3,30.24,5.6,16.0,6.8,2014,1,2
13,2014-01-03,61.0,31.0,46.0,,15.0,34.0,19.0,0.0,,,MD,,0.0,23.98,29.72,5.2,22.0,7.6,2014,1,3
13,2014-01-04,39.0,2.0,20.5,,15.0,18.0,44.0,0.0,,,SN FG+ FZFG BR,,0.1,24.13,30.0,5.8,4.0,8.5,2014,1,4
13,2014-01-05,14.0,-4.0,5.0,,0.0,4.0,60.0,0.0,,,SN FZFG BR HZ,,0.02,24.32,30.41,0.5,32.0,6.9,2014,1,5
13,2014-01-06,37.0,-4.0,16.5,,5.0,14.0,48.0,0.0,,,HZ,,0.0,24.29,30.36,6.6,18.0,9.0,2014,1,6
13,2014-01-07,43.0,28.0,35.5,,18.0,29.0,29.0,0.0,,,MD,,0.0,24.18,30.02,5.4,22.0,7.9,2014,1,7
13,2014-01-08,38.0,17.0,27.5,,18.0,24.0,37.0,0.0,,,MD,,0.0,24.18,30.08,6.1,16.0,6.9,2014,1,8
13,2014-01-09,46.0,19.0,32.5,,14.0,26.0,32.0,0.0,,,MD,,0.0,24.0,29.84,3.2,18.0,5.5,2014,1,9
13,2014-01-10,39.0,25.0,32.0,,9.0,24.0,33.0,0.0,,,MD,,0.0,23.98,29.78,13.9,31.0,15.0,2014,1,10
13,2014-01-11,55.0,23.0,39.0,,19.0,32.0,26.0,0.0,,,MD,,0.0,24.05,29.85,8.3,21.0,10.2,2014,1,11
13,2014-01-12,46.0,24.0,35.0,,12.0,28.0,30.0,0.0,,,MD,,0.005,24.0,29.74,8.9,30.0,13.7,2014,1,12
13,2014-01-13,46.0,21.0,33.5,,9.0,27.0,31.0,0.0,,,MD,,0.0,24.16,29.99,13.3,30.0,14.0,2014,1,13
13,2014-01-14,39.0,17.0,28.0,,18.0,23.0,37.0,0.0,,,SN FZFG BR,,0.03,24.42,30.35,1.4,34.0,7.3,2014,1,14
13,2014-01-15,54.0,19.0,36.5,,14.0,29.0,28.0,0.0,,,MD,,0.0,24.26,30.17,7.2,28.0,9.9,2014,1,15
13,2014-01-16,45.0,23.0,34.0,,13.0,27.0,31.0,0.0,,,MD,,0.0,24.36,30.21,2.4,1.0,9.2,2014,1,16
13,2014-01-17,52.0,20.0,36.0,,12.0,28.0,29.0,0.0,,,MD,,0.0,24.27,30.15,4.1,28.0,7.8,2014,1,17
13,2014-01-18,52.0,22.0,37.0,,13.0,28.0,28.0,0.0,,,MD,,0.0,24.33,30.18,2.6,18.0,6.2,2014,1,18
13,2014-01-19,62.0,26.0,44.0,,5.0,32.0,21.0,-21.0,,,MD,,0.0,24.23,30.01,7.0,25.0,9.1,2014,1,19
13,2014-01-20,45.0,24.0,34.5,,13.0,28.0,30.0,0.0,,,MD,,0.0,24.42,30.26,0.4,6.0,6.9,2014,1,20
13,2014-01-21,62.0,23.0,42.5,,-5.0,29.0,22.0,0.0,,,MD,,0.0,24.34,30.18,6.0,25.0,12.3,2014,1,21
13,2014-01-22,40.0,21.0,30.5,,13.0,25.0,34.0,0.0,,,SN BR,,0.005,24.29,30.15,4.4,10.0,7.7,2014,1,22
13,2014-01-23,25.0,5.0,15.0,,8.0,13.0,50.0,0.0,,,SN BR,,0.01,24.5,30.55,1.7,5.0,5.2,2014,1,23
13,2014-01-24,57.0,18.0,37.5,,8.0,28.0,27.0,0.0,,,MD,,0.0,24.36,30.28,5.9,25.0,8.6,2014,1,24
13,2014-01-25,60.0,27.0,43.5,,17.0,33.0,21.0,0.0,,,MD,,0.0,24.23,30.04,2.2,24.0,9.4,2014,1,25
13,2014-01-26,57.0,16.0,36.5,,14.0,28.0,28.0,0.0,,,SN BR,,0.005,24.14,29.92,5.5,35.0,11.8,2014,1,26
13,2014-01-27,20.0,13.0,16.5,,10.0,14.0,48.0,0.0,,,SN BR,,0.02,24.24,30.21,1.4,4.0,8.0,2014,1,27
13,2014-01-28,32.0,1.0,16.5,,3.0,13.0,48.0,0.0,,,SN BR,,0.005,24.25,30.29,2.6,20.0,6.2,2014,1,28
13,2014-01-29,50.0,18.0,34.0,,15.0,29.0,31.0,0.0,,,MD,,0.0,23.96,29.81,4.7,18.0,6.6,2014,1,29
13,2014-01-30,48.0,28.0,38.0,,27.0,33.0,27.0,0.0,,,SN FZFG BR,,0.26,23.9,29.62,2.1,4.0,9.0,2014,1,30
13,2014-01-31,28.0,16.0,22.0,,17.0,19.0,43.0,0.0,,,SN FZFG BR,,0.28,23.95,29.85,3.6,34.0,4.9,2014,1,31
13,2014-02-01,23.0,5.0,14.0,,15.0,17.0,51.0,0.0,,,SN BR,,0.03,24.11,30.04,2.7,5.0,4.2,2014,2,1
13,2014-02-02,30.0,-1.0,14.5,,7.0,12.0,50.0,0.0,,,BR,,0.0,24.13,30.17,2.7,14.0,4.4,2014,2,2
13,2014-02-03,30.0,4.0,17.0,,10.0,16.0,48.0,0.0,,,MD,,0.0,24.05,30.01,2.4,33.0,4.3,2014,2,3
13,2014-02-04,20.0,-7.0,6.5,,5.0,8.0,58.0,0.0,,,SN FZFG BR HZ,,0.02,24.18,30.17,5.3,4.0,6.6,2014,2,4
13,2014-02-05,2.0,-17.0,-7.5,,-11.0,-7.0,72.0,0.0,,,MD,,0.0,24.34,30.58,1.6,7.0,3.2,2014,2,5
13,2014-02-06,4.0,-14.0,-5.0,,-10.0,-5.0,70.0,0.0,,,SN BR,,0.005,24.13,30.34,0.8,3.0,2.1,2014,2,6
13,2014-02-07,45.0,-8.0,18.5,,8.0,18.0,46.0,0.0,,,MD,,0.0,24.0,29.97,2.6,16.0,4.9,2014,2,7
13,2014-02-08,49.0,22.0,35.5,,18.0,29.0,29.0,0.0,,,BR,,0.0,24.06,29.87,8.4,25.0,12.3,2014,2,8
13,2014-02-09,25.0,19.0,22.0,,20.0,21.0,43.0,0.0,,,SN FZFG BR,,0.005,24.14,30.05,2.4,1.0,4.9,2014,2,9
13,2014-02-10,38.0,16.0,27.0,,20.0,22.0,38.0,0.0,,,SN FG+ FZFG BR HZ,,0.005,24.21,30.15,1.0,35.0,2.3,2014,2,10
13,2014-02-11,45.0,20.0,32.5,,13.0,27.0,32.0,0.0,,,MD,,0.0,24.19,30.07,4.9,26.0,9.4,2014,2,11
13,2014-02-12,44.0,21.0,32.5,,21.0,28.0,32.0,0.0,,,MD,,0.0,24.14,30.0,6.0,16.0,9.3,2014,2,12
13,2014-02-13,57.0,33.0,45.0,,24.0,36.0,20.0,0.0,,,MD,,0.0,24.08,29.83,7.2,29.0,9.9,2014,2,13
13,2014-02-14,48.0,30.0,39.0,,19.0,32.0,26.0,0.0,,,MD,,0.0,24.14,29.92,1.9,34.0,12.7,2014,2,14
13,2014-02-15,58.0,28.0,43.0,,28.0,36.0,22.0,0.0,,,MD,,0.0,24.18,29.94,0.8,31.0,9.3,2014,2,15
13,2014-02-16,65.0,28.0,46.5,,22.0,37.0,18.0,0.0,,,MD,,0.005,24.06,29.79,9.8,25.0,15.5,2014,2,16
13,2014-02-17,61.0,29.0,45.0,,1.0,31.0,20.0,0.0,,,MD,,0.0,24.17,29.94,4.8,23.0,10.4,2014,2,17
13,2014-02-18,60.0,36.0,48.0,,7.0,34.0,17.0,0.0,,,MD,,0.0,24.11,29.81,4.6,25.0,13.3,2014,2,18
13,2014-02-19,60.0,24.0,42.0,,17.0,33.0,23.0,0.0,,,SN FG BR,,0.04,23.9,29.6,3.8,18.0,14.1,2014,2,19
13,2014-02-20,32.0,19.0,25.5,,4.0,20.0,39.0,0.0,,,SN BR,,0.005,24.1,29.95,13.5,32.0,16.3,2014,2,20
13,2014-02-21,49.0,26.0,37.5,,4.0,27.0,27.0,0.0,,,MD,,0.0,24.06,29.88,11.1,28.0,13.8,2014,2,21
13,2014-02-22,51.0,21.0,36.0,,15.0,28.0,29.0,0.0,,,SN BR,,0.005,24.07,29.88,5.2,27.0,10.0,2014,2,22
13,2014-02-23,51.0,19.0,35.0,,23.0,28.0,30.0,0.0,,,FG+ FZFG BR,,0.005,24.16,30.02,2.2,9.0,6.7,2014,2,23
13,2014-02-24,64.0,20.0,42.0,,16.0,29.0,23.0,0.0,,,FZFG BR,,0.0,24.19,30.0,1.7,1.0,7.7,2014,2,24
13,2014-02-25,35.0,9.0,22.0,,13.0,17.0,43.0,0.0,,,SN BR,,0.005,24.26,30.23,5.2,2.0,8.2,2014,2,25
13,2014-02-26,50.0,9.0,29.5,,15.0,24.0,35.0,0.0,,,MD,,0.0,24.16,30.1,3.7,16.0,6.5,2014,2,26
13,2014-02-27,56.0,25.0,40.5,,20.0,34.0,24.0,0.0,,,MD,,0.005,23.9,29.66,1.6,19.0,5.1,2014,2,27
13,2014-02-28,56.0,27.0,41.5,,24.0,33.0,23.0,0.0,,,BR,,0.0,23.95,29.67,1.6,5.0,7.3,2014,2,28
13,2014-03-01,27.0,10.0,18.5,,14.0,16.0,46.0,0.0,,,SN FG+ FZFG BR BLSN,,0.005,24.08,29.99,6.1,36.0,6.7,2014,3,1
13,2014-03-02,29.0,7.0,18.0,,11.0,15.0,47.0,0.0,,,SN BR,,0.005,24.21,30.24,2.3,36.0,5.3,2014,3,2
13,2014-03-03,58.0,25.0,41.5,,16.0,33.0,23.0,0.0,,,MD,,0.0,24.18,30.0,3.7,25.0,9.5,2014,3,3
13,2014-03-04,60.0,30.0,45.0,,18.0,33.0,20.0,0.0,,,SN FG FZFG BR,,0.19,24.13,29.88,3.7,5.0,8.0,2014,3,4
13,2014-03-05,50.0,23.0,36.5,,24.0,32.0,28.0,0.0,,,SN BR,,0.07,24.27,30.12,4.5,18.0,6.0,2014,3,5
13,2014-03-06,63.0,35.0,49.0,,18.0,36.0,16.0,0.0,,,MD,,0.0,24.09,29.83,8.8,22.0,9.7,2014,3,6
13,2014-03-07,47.0,31.0,39.0,,29.0,33.0,26.0,0.0,,,RA SN FG+ FG FZFG BR,,0.4,24.19,29.96,4.3,1.0,6.6,2014,3,7
13,2014-03-08,45.0,27.0,36.0,,26.0,31.0,29.0,0.0,,,SN BR,,0.005,24.42,30.32,3.1,21.0,5.0,2014,3,8
13,2014-03-09,71.0,34.0,52.5,,10.0,35.0,12.0,0.0,,,MD,,0.0,24.29,30.09,7.8,23.0,10.2,2014,3,9
13,2014-03-10,69.0,36.0,52.5,,11.0,37.0,12.0,0.0,,,MD,,0.0,24.06,29.75,3.4,21.0,5.6,2014,3,10
13,2014-03-11,49.0,17.0,33.0,,21.0,28.0,32.0,0.0,,,SN FZFG BR,,0.04,24.23,30.0,8.3,1.0,11.1,2014,3,11
13,2014-03-12,50.0,12.0,31.0,,10.0,24.0,34.0,0.0,,,MD,,0.0,24.38,30.35,4.7,18.0,6.1,2014,3,12
13,2014-03-13,60.0,23.0,41.5,,12.0,32.0,23.0,0.0,,,MD,,0.0,24.16,29.95,3.4,28.0,7.0,2014,3,13
13,2014-03-14,59.0,25.0,42.0,,19.0,33.0,23.0,0.0,,,MD,,0.0,24.17,29.94,6.9,16.0,8.3,2014,3,14
13,2014-03-15,45.0,23.0,34.0,,17.0,30.0,31.0,0.0,,,MD,,0.0,24.28,30.08,9.6,35.0,12.8,2014,3,15
13,2014-03-16,61.0,20.0,40.5,,15.0,31.0,24.0,0.0,,,MD,,0.0,24.29,30.17,3.2,28.0,7.5,2014,3,16
13,2014-03-17,68.0,36.0,52.0,,12.0,35.0,13.0,0.0,,,MD,,0.0,23.82,29.48,8.9,25.0,13.1,2014,3,17
13,2014-03-18,36.0,20.0,28.0,,15.0,25.0,37.0,0.0,,,SN FZFG BR BLSN,,0.02,24.08,29.85,11.7,36.0,14.9,2014,3,18
13,2014-03-19,55.0,19.0,37.0,,8.0,27.0,28.0,0.0,,,MD,,0.0,24.23,30.1,2.1,19.0,7.1,2014,3,19
13,2014-03-20,64.0,26.0,45.0,,1.0,31.0,20.0,0.0,,,MD,,0.0,24.11,29.87,2.3,11.0,6.4,2014,3,20
13,2014-03-21,46.0,22.0,34.0,,16.0,29.0,31.0,0.0,,,MD,,0.0,24.24,30.05,4.2,13.0,7.6,2014,3,21
13,2014-03-22,34.0,24.0,29.0,,21.0,25.0,36.0,0.0,,,SN FZFG BR,,0.02,24.31,30.21,3.0,35.0,9.4,2014,3,22
13,2014-03-23,59.0,17.0,38.0,,10.0,29.0,27.0,0.0,,,MD,,0.0,24.26,30.14,3.8,30.0,9.3,2014,3,23
13,2014-03-24,44.0,21.0,32.5,,19.0,27.0,32.0,0.0,,,MD,,0.0,24.34,30.23,2.5,2.0,4.6,2014,3,24
13,2014-03-25,63.0,18.0,40.5,,20.0,32.0,24.0,0.0,,,MD,,0.0,24.18,30.04,4.1,15.0,6.9,2014,3,25
13,2014-03-26,65.0,33.0,49.0,,18.0,37.0,16.0,0.0,,,MD,,0.0,23.78,29.44,11.8,23.0,12.8,2014,3,26
13,2014-03-27,55.0,34.0,44.5,,19.0,34.0,20.0,0.0,,,MD,,0.0,23.92,29.59,7.8,32.0,10.8,2014,3,27
13,2014-03-28,52.0,28.0,40.0,,16.0,31.0,25.0,0.0,,,MD,,0.005,24.24,30.04,4.5,29.0,11.4,2014,3,28
13,2014-03-29,66.0,29.0,47.5,,8.0,34.0,17.0,0.0,,,MD,,0.0,24.21,30.0,3.8,21.0,7.8,2014,3,29
13,2014-03-30,68.0,43.0,55.5,,14.0,38.0,9.0,0.0,,,RA,,0.005,23.93,29.59,19.1,21.0,20.1,2014,3,30
13,2014-03-31,53.0,34.0,43.5,,13.0,32.0,21.0,0.0,,,MD,,0.0,24.08,29.78,8.2,32.0,15.5,2014,3,31
13,2014-04-01,58.0,31.0,44.5,,20.0,34.0,20.0,0.0,,,MD,,0.0,23.97,29.72,5.2,18.0,12.6,2014,4,1
13,2014-04-02,49.0,26.0,37.5,,28.0,33.0,27.0,0.0,,,RA DZ SN FG FZFG BR,,0.22,23.95,29.71,5.0,36.0,6.9,2014,4,2
13,2014-04-03,39.0,28.0,33.5,,28.0,31.0,31.0,0.0,,,SN FG+ FZFG BR,,0.3,24.16,29.97,4.8,1.0,10.5,2014,4,3
13,2014-04-04,48.0,22.0,35.0,,21.0,31.0,30.0,0.0,,,MD,,0.0,24.19,30.04,8.5,18.0,9.4,2014,4,4
13,2014-04-05,53.0,30.0,41.5,,24.0,35.0,23.0,0.0,,,MD,,0.0,24.11,29.88,2.1,22.0,5.5,2014,4,5
13,2014-04-06,52.0,31.0,41.5,,28.0,35.0,23.0,0.0,,,RA,,0.01,24.12,29.9,2.5,20.0,5.5,2014,4,6
13,2014-04-07,51.0,33.0,42.0,,23.0,34.0,23.0,0.0,,,MD,,0.005,24.32,30.14,6.4,34.0,10.6,2014,4,7
13,2014-04-08,67.0,30.0,48.5,,22.0,38.0,16.0,0.0,,,MD,,0.0,24.34,30.14,4.4,27.0,7.7,2014,4,8
13,2014-04-09,75.0,42.0,58.5,,18.0,42.0,6.0,0.0,,,MD,,0.0,24.19,29.87,8.5,25.0,10.8,2014,4,9
13,2014-04-10,70.0,39.0,54.5,,30.0,42.0,10.0,0.0,,,MD,,0.0,24.21,29.89,1.4,8.0,8.3,2014,4,10
13,2014-04-11,76.0,38.0,57.0,,22.0,42.0,8.0,0.0,,,MD,,0.0,24.15,29.84,1.6,18.0,5.8,2014,4,11
13,2014-04-12,70.0,45.0,57.5,,21.0,42.0,7.0,0.0,,,MD,,0.005,23.99,29.61,4.7,23.0,10.7,2014,4,12
13,2014-04-13,46.0,19.0,32.5,,25.0,27.0,32.0,0.0,,,RA SN FG+ FZFG BR,,0.14,24.19,30.0,13.1,1.0,14.0,2014,4,13
13,2014-04-14,37.0,17.0,27.0,,16.0,23.0,38.0,0.0,,,SN BR,,0.005,24.36,30.35,0.9,20.0,7.2,2014,4,14
13,2014-04-15,63.0,30.0,46.5,,15.0,35.0,18.0,0.0,,,MD,,0.0,24.06,29.84,6.5,23.0,8.6,2014,4,15
13,2014-04-16,53.0,31.0,42.0,,22.0,35.0,23.0,0.0,,,MD,,0.0,24.15,29.87,3.4,5.0,9.3,2014,4,16
13,2014-04-17,59.0,31.0,45.0,,28.0,39.0,20.0,0.0,,,MD,,0.0,24.23,30.01,11.3,17.0,12.7,2014,4,17
13,2014-04-18,77.0,39.0,58.0,,26.0,44.0,7.0,0.0,,,MD,,0.0,24.15,29.83,2.3,16.0,7.8,2014,4,18
13,2014-04-19,67.0,47.0,57.0,,36.0,46.0,8.0,0.0,,,RA,,0.01,24.25,29.93,1.8,16.0,7.2,2014,4,19
13,2014-04-20,69.0,43.0,56.0,,36.0,46.0,9.0,0.0,,,TS,,0.005,24.27,29.99,3.1,29.0,7.4,2014,4,20
13,2014-04-21,65.0,41.0,53.0,,32.0,43.0,12.0,0.0,,,MD,,0.005,24.39,30.14,5.2,18.0,10.5,2014,4,21
13,2014-04-22,76.0,45.0,60.5,,32.0,47.0,4.0,0.0,,,MD,,0.005,24.08,29.74,9.8,21.0,11.7,2014,4,22
13,2014-04-23,71.0,37.0,54.0,,29.0,43.0,11.0,0.0,,,TS RA BR,,0.49,23.95,29.56,3.8,15.0,11.7,2014,4,23
13,2014-04-24,64.0,33.0,48.5,,26.0,38.0,16.0,0.0,,,MD,,0.0,24.16,29.91,5.2,14.0,6.8,2014,4,24
13,2014-04-25,72.0,37.0,54.5,,22.0,41.0,10.0,0.0,,,MD,,0.0,24.01,29.69,11.9,17.0,13.0,2014,4,25
13,2014-04-26,73.0,47.0,60.0,,23.0,43.0,5.0,0.0,,,MD,,0.0,23.74,29.3,11.3,21.0,13.8,2014,4,26
13,2014-04-27,52.0,38.0,45.0,,29.0,38.0,20.0,0.0,,,TS TSRA RA,,0.07,23.75,29.36,14.2,34.0,15.3,2014,4,27
13,2014-04-28,52.0,39.0,45.5,,14.0,33.0,19.0,0.0,,,MD,,0.0,24.02,29.73,14.8,32.0,16.0,2014,4,28
13,2014-04-29,52.0,30.0,41.0,,19.0,33.0,24.0,0.0,,,MD,,0.005,24.32,30.11,21.4,36.0,22.2,2014,4,29
13,2014-04-30,50.0,30.0,40.0,,20.0,32.0,25.0,0.0,,,MD,,0.0,24.42,30.29,15.5,36.0,16.3,2014,4,30
13,2014-05-01,58.0,32.0,45.0,,16.0,33.0,20.0,0.0,,,MD,,0.0,24.35,30.18,7.1,36.0,11.2,2014,5,1
13,2014-05-02,72.0,33.0,52.5,,23.0,41.0,12.0,0.0,,,MD,,0.005,24.23,29.96,2.3,23.0,6.9,2014,5,2
13,2014-05-03,76.0,44.0,60.0,,22.0,44.0,5.0,0.0,,,MD,,0.0,24.19,29.83,4.9,21.0,7.2,2014,5,3
13,2014-05-04,82.0,50.0,66.0,,17.0,45.0,0.0,1.0,,,MD,,0.0,24.11,29.72,7.2,22.0,11.2,2014,5,4
13,2014-05-05,80.0,51.0,65.5,,17.0,44.0,0.0,1.0,,,MD,,0.0,24.08,29.68,9.2,21.0,11.0,2014,5,5
13,2014-05-06,75.0,50.0,62.5,,23.0,44.0,2.0,0.0,,,MD,,0.0,23.9,29.49,4.1,20.0,8.6,2014,5,6
13,2014-05-07,65.0,39.0,52.0,,41.0,47.0,13.0,0.0,,,TSRA RA BR HZ,,0.35,23.95,29.58,7.5,4.0,10.5,2014,5,7
13,2014-05-08,54.0,33.0,43.5,,36.0,39.0,21.0,0.0,,,TSRA RA SN BR,,0.23,24.11,29.86,2.6,14.0,7.0,2014,5,8
13,2014-05-09,62.0,34.0,48.0,,31.0,40.0,17.0,0.0,,,RA,,0.005,24.1,29.84,4.2,16.0,7.0,2014,5,9
13,2014-05-10,65.0,37.0,51.0,,36.0,44.0,14.0,0.0,,,RA,,0.005,24.06,29.75,1.4,8.0,7.3,2014,5,10
13,2014-05-11,46.0,30.0,38.0,,33.0,34.0,27.0,0.0,,,RA SN FG FZFG BR,,0.47,24.14,29.93,13.6,35.0,15.8,2014,5,11
13,2014-05-12,38.0,28.0,33.0,,26.0,30.0,32.0,0.0,,,SN FZFG BR,,0.13,24.43,30.34,11.3,36.0,11.9,2014,5,12
13,2014-05-13,48.0,31.0,39.5,,21.0,32.0,25.0,0.0,,,MD,,0.0,24.55,30.47,5.9,33.0,8.9,2014,5,13
13,2014-05-14,55.0,32.0,43.5,,26.0,36.0,21.0,0.0,,,MD,,0.005,24.51,30.38,3.2,26.0,6.9,2014,5,14
13,2014-05-15,61.0,35.0,48.0,,34.0,42.0,17.0,0.0,,,MD,,0.005,24.39,30.21,1.4,13.0,6.9,2014,5,15
13,2014-05-16,64.0,36.0,50.0,,38.0,44.0,15.0,0.0,,,RA,,0.01,24.3,30.04,3.3,5.0,7.3,2014,5,16
13,2014-05-17,70.0,43.0,56.5,,43.0,49.0,8.0,0.0,,,MD,,0.005,24.22,29.94,3.1,13.0,6.9,2014,5,17
13,2014-05-18,81.0,48.0,64.5,,32.0,49.0,0.0,0.0,,,MD,,0.0,24.03,29.66,8.8,21.0,10.4,2014,5,18
13,2014-05-19,79.0,54.0,66.5,,33.0,49.0,0.0,2.0,,,MD,,0.0,24.07,29.64,2.8,8.0,9.8,2014,5,19
13,2014-05-20,71.0,50.0,60.5,,46.0,52.0,4.0,0.0,,,TSRA,,0.04,24.21,29.86,4.1,7.0,7.5,2014,5,20
13,2014-05-21,73.0,50.0,61.5,,48.0,53.0,3.0,0.0,,,TS RA,,0.04,24.32,30.01,2.6,10.0,7.0,2014,5,21
13,2014-05-22,77.0,51.0,64.0,,46.0,52.0,1.0,0.0,,,TSRA,,0.11,24.37,30.07,2.1,16.0,7.8,2014,5,22
13,2014-05-23,70.0,45.0,57.5,,47.0,52.0,7.0,0.0,,,TSRA RA,,0.12,24.29,30.0,3.5,16.0,7.3,2014,5,23
13,2014-05-24,70.0,48.0,59.0,,47.0,51.0,6.0,0.0,,,TS TSRA,,0.11,24.22,29.91,1.3,26.0,6.9,2014,5,24
13,2014-05-25,67.0,42.0,54.5,,43.0,48.0,10.0,0.0,,,TS TSRA,,0.04,24.23,29.92,4.1,25.0,7.3,2014,5,25
13,2014-05-26,73.0,47.0,60.0,,43.0,51.0,5.0,0.0,,,MD,,0.0,24.29,29.98,2.4,30.0,7.3,2014,5,26
13,2014-05-27,81.0,48.0,64.5,,39.0,52.0,0.0,0.0,,,MD,,0.0,24.34,29.99,0.4,5.0,6.5,2014,5,27
13,2014-05-28,86.0,50.0,68.0,,37.0,52.0,0.0,3.0,,,MD,,0.005,24.32,29.95,6.8,17.0,8.9,2014,5,28
13,2014-05-29,87.0,57.0,72.0,,41.0,54.0,0.0,7.0,,,TS RA,,0.005,24.27,29.87,8.3,20.0,13.5,2014,5,29
13,2014-05-30,72.0,55.0,63.5,,50.0,55.0,1.0,0.0,,,TSRA RA,,0.005,24.33,29.98,4.8,34.0,8.2,2014,5,30
13,2014-05-31,80.0,48.0,64.0,,46.0,54.0,1.0,0.0,,,RA,,0.005,24.25,29.91,5.8,16.0,8.0,2014,5,31
13,2014-06-01,83.0,52.0,67.5,,42.0,54.0,0.0,3.0,,,MD,,0.0,24.19,29.78,1.7,2.0,8.1,2014,6,1
13,2014-06-02,83.0,51.0,67.0,,40.0,53.0,0.0,2.0,,,MD,,0.0,24.27,29.91,7.9,16.0,9.2,2014,6,2
13,2014-06-03,91.0,57.0,74.0,,31.0,53.0,0.0,9.0,,,MD,,0.0,24.13,29.68,10.8,23.0,14.9,2014,6,3
13,2014-06-04,84.0,48.0,66.0,,43.0,53.0,0.0,1.0,,,TS TSRA RA,,0.16,24.21,29.8,6.0,14.0,10.4,2014,6,4
13,2014-06-05,76.0,48.0,62.0,,44.0,52.0,3.0,0.0,,,TS TSRA,,0.1,24.27,29.92,5.0,13.0,10.5,2014,6,5
13,2014-06-06,78.0,51.0,64.5,,44.0,53.0,0.0,0.0,,,TS TSRA,,0.03,24.21,29.85,6.8,17.0,13.0,2014,6,6
13,2014-06-07,69.0,44.0,56.5,,48.0,52.0,8.0,0.0,,,BR,,0.005,24.29,29.99,1.1,35.0,7.0,2014,6,7
13,2014-06-08,71.0,44.0,57.5,,48.0,50.0,7.0,0.0,,,TS TSRA RA BR,,0.45,24.23,29.92,1.5,19.0,12.9,2014,6,8
13,2014-06-09,66.0,40.0,53.0,,33.0,44.0,12.0,0.0,,,MD,,0.0,24.31,30.06,3.8,35.0,9.1,2014,6,9
13,2014-06-10,83.0,46.0,64.5,,34.0,50.0,0.0,0.0,,,TS,,0.0,24.19,29.83,2.2,21.0,6.9,2014,6,10
13,2014-06-11,82.0,54.0,68.0,,41.0,53.0,0.0,3.0,,,TS VCTS,,0.05,24.21,29.8,1.0,18.0,8.4,2014,6,11
13,2014-06-12,76.0,53.0,64.5,,47.0,54.0,0.0,0.0,,,TS,,0.005,24.31,29.99,10.7,16.0,11.7,2014,6,12
13,2014-06-13,90.0,54.0,72.0,,31.0,52.0,0.0,7.0,,,MD,,0.0,24.06,29.65,9.0,22.0,11.6,2014,6,13
13,2014-06-14,76.0,46.0,61.0,,41.0,51.0,4.0,0.0,,,TS TSRA RA,,0.12,24.05,29.61,2.9,9.0,9.2,2014,6,14
13,2014-06-15,76.0,43.0,59.5,,36.0,48.0,5.0,0.0,,,MD,,0.0,24.12,29.78,9.8,17.0,10.9,2014,6,15
13,2014-06-16,87.0,47.0,67.0,,23.0,48.0,0.0,2.0,,,MD,,0.0,24.03,29.59,10.6,22.0,12.3,2014,6,16
13,2014-06-17,89.0,59.0,74.0,,21.0,49.0,0.0,9.0,,,MD,,0.0,24.03,29.58,13.0,20.0,13.8,2014,6,17
13,2014-06-18,81.0,52.0,66.5,,39.0,51.0,0.0,2.0,,,TS TSRA,,0.08,24.14,29.72,6.0,9.0,12.4,2014,6,18
13,2014-06-19,80.0,46.0,63.0,,41.0,52.0,2.0,0.0,,,MD,,0.0,24.31,29.97,3.4,11.0,6.6,2014,6,19
13,2014-06-20,85.0,51.0,68.0,,39.0,53.0,0.0,3.0,,,RA,,0.005,24.29,29.92,2.0,9.0,5.9,2014,6,20
13,2014-06-21,86.0,55.0,70.5,,45.0,55.0,0.0,6.0,,,TSRA,,0.09,24.23,29.83,4.5,15.0,6.9,2014,6,21
13,2014-06-22,77.0,53.0,65.0,,42.0,52.0,0.0,0.0,,,TS,,0.005,24.26,29.92,3.1,34.0,7.7,2014,6,22
13,2014-06-23,80.0,47.0,63.5,,48.0,55.0,1.0,0.0,,,MD,,0.005,24.33,29.99,3.3,31.0,8.1,2014,6,23
13,2014-06-24,79.0,55.0,67.0,,52.0,57.0,0.0,2.0,,,TS,,0.03,24.32,29.98,2.5,10.0,7.4,2014,6,24
13,2014-06-25,86.0,53.0,69.5,,44.0,56.0,0.0,5.0,,,MD,,0.01,24.24,29.86,8.1,18.0,10.3,2014,6,25
13,2014-06-26,91.0,55.0,73.0,,35.0,53.0,0.0,8.0,,,TS,,0.005,24.08,29.64,2.6,16.0,7.0,2014,6,26
13,2014-06-27,80.0,56.0,68.0,,43.0,53.0,0.0,3.0,,,TS,,0.005,24.07,29.63,3.5,33.0,7.3,2014,6,27
13,2014-06-28,82.0,53.0,67.5,,34.0,51.0,0.0,3.0,,,RA,,0.005,24.18,29.78,2.1,29.0,9.3,2014,6,28
13,2014-06-29,93.0,51.0,72.0,,36.0,54.0,0.0,7.0,,,MD,,0.0,24.2,29.79,3.0,11.0,7.2,2014,6,29
13,2014-06-30,91.0,55.0,73.0,,39.0,54.0,0.0,8.0,,,MD,,0.0,24.24,29.81,5.6,8.0,8.1,2014,6,30
13,2014-07-01,74.0,58.0,66.0,,40.0,52.0,0.0,1.0,,,RA,,0.005,24.42,30.09,5.7,8.0,6.9,2014,7,1
13,2014-07-02,78.0,57.0,67.5,,48.0,56.0,0.0,3.0,,,MD,,0.005,24.4,30.09,11.4,16.0,12.0,2014,7,2
13,2014-07-03,90.0,54.0,72.0,,44.0,57.0,0.0,7.0,,,MD,,0.0,24.35,29.98,3.9,19.0,10.1,2014,7,3
13,2014-07-04,89.0,64.0,76.5,,43.0,56.0,0.0,12.0,,,MD,,0.005,24.39,29.98,3.5,23.0,8.7,2014,7,4
13,2014-07-05,91.0,62.0,76.5,,39.0,55.0,0.0,12.0,,,MD,,0.0,24.38,29.99,3.3,26.0,7.9,2014,7,5
13,2014-07-06,96.0,61.0,78.5,,38.0,56.0,0.0,14.0,,,TS,,0.0,24.36,29.94,0.9,25.0,8.8,2014,7,6
13,2014-07-07,96.0,62.0,79.0,,40.0,57.0,0.0,14.0,,,TSRA RA,,0.02,24.3,29.86,2.4,33.0,10.1,2014,7,7
13,2014-07-08,80.0,59.0,69.5,,54.0,59.0,0.0,5.0,,,MD,,0.0,24.41,30.06,4.8,16.0,8.4,2014,7,8
13,2014-07-09,93.0,57.0,75.0,,42.0,57.0,0.0,10.0,,,MD,,0.0,24.29,29.88,2.6,24.0,8.4,2014,7,9
13,2014-07-10,93.0,59.0,76.0,,43.0,58.0,0.0,11.0,,,RA,,0.005,24.26,29.81,1.9,1.0,6.7,2014,7,10
13,2014-07-11,90.0,63.0,76.5,,55.0,61.0,0.0,12.0,,,TSRA RA,,0.43,24.37,29.95,0.8,27.0,6.1,2014,7,11
13,2014-07-12,80.0,60.0,70.0,,58.0,62.0,0.0,5.0,,,TS TSRA,,0.01,24.45,30.11,2.2,31.0,8.0,2014,7,12
13,2014-07-13,83.0,58.0,70.5,,54.0,61.0,0.0,6.0,,,MD,,0.005,24.47,30.13,1.7,15.0,5.0,2014,7,13
13,2014-07-14,81.0,57.0,69.0,,53.0,59.0,0.0,4.0,,,TS BR,,1.09,24.47,30.13,3.5,11.0,9.6,2014,7,14
13,2014-07-15,78.0,57.0,67.5,,55.0,59.0,0.0,3.0,,,TS TSRA HZ,,0.03,24.34,30.02,0.9,19.0,6.7,2014,7,15
13,2014-07-16,76.0,55.0,65.5,,54.0,58.0,0.0,1.0,,,TS RA BR,,0.19,24.29,29.94,4.1,2.0,8.0,2014,7,16
13,2014-07-17,76.0,54.0,65.0,,51.0,56.0,0.0,0.0,,,BR,,0.0,24.31,29.98,1.4,15.0,5.2,2014,7,17
13,2014-07-18,86.0,58.0,72.0,,47.0,57.0,0.0,7.0,,,MD,,0.0,24.26,29.86,5.1,19.0,9.5,2014,7,18
13,2014-07-19,91.0,59.0,75.0,,40.0,56.0,0.0,10.0,,,MD,,0.0,24.26,29.84,7.2,20.0,9.2,2014,7,19
13,2014-07-20,93.0,63.0,78.0,,41.0,57.0,0.0,13.0,,,TS,,0.0,24.29,29.86,6.1,21.0,7.8,2014,7,20
13,2014-07-21,93.0,66.0,79.5,,40.0,57.0,0.0,15.0,,,MD,,0.0,24.35,29.93,4.7,20.0,7.0,2014,7,21
13,2014-07-22,92.0,62.0,77.0,,44.0,58.0,0.0,12.0,,,MD,,0.0,24.47,30.09,2.0,23.0,6.8,2014,7,22
13,2014-07-23,84.0,62.0,73.0,,49.0,59.0,0.0,8.0,,,TS RA,,0.04,24.49,30.1,3.4,24.0,9.2,2014,7,23
13,2014-07-24,92.0,66.0,79.0,,46.0,59.0,0.0,14.0,,,TSRA,,0.005,24.3,29.89,5.1,18.0,8.0,2014,7,24
13,2014-07-25,93.0,65.0,79.0,,49.0,60.0,0.0,14.0,,,TSRA RA,,0.07,24.31,29.89,4.7,19.0,8.9,2014,7,25
13,2014-07-26,88.0,59.0,73.5,,50.0,59.0,0.0,9.0,,,TS RA,,0.01,24.38,29.99,7.1,20.0,10.0,2014,7,26
13,2014-07-27,82.0,59.0,70.5,,55.0,60.0,0.0,6.0,,,TS,,0.0,24.51,30.18,4.2,25.0,9.7,2014,7,27
13,2014-07-28,82.0,60.0,71.0,,55.0,60.0,0.0,6.0,,,TSRA,,0.06,24.48,30.15,6.6,19.0,9.7,2014,7,28
13,2014-07-29,81.0,57.0,69.0,,55.0,59.0,0.0,4.0,,,TS RA BR,,0.81,24.41,30.09,0.8,6.0,6.1,2014,7,29
13,2014-07-30,62.0,56.0,59.0,,55.0,56.0,6.0,0.0,,,RA BR,,1.12,24.48,30.21,3.5,6.0,6.4,2014,7,30
13,2014-07-31,73.0,56.0,64.5,,52.0,57.86666666666667,0.0,0.0,,,RA,,0.03,24.45,30.17,0.7,16.0,4.0,2014,7,31
13,2014-08-01,76.0,54.0,65.0,,47.0,55.0,0.0,0.0,,,MD,,0.0,24.44,30.13,5.2,16.0,6.9,2014,8,1
13,2014-08-02,81.0,51.0,66.0,,47.0,56.0,0.0,1.0,,,MD,,0.0,24.44,30.12,5.7,17.0,6.5,2014,8,2
13,2014-08-03,86.0,57.0,71.5,,47.0,58.0,0.0,7.0,,,MD,,0.0,24.39,30.03,4.3,15.0,6.2,2014,8,3
13,2014-08-04,85.0,59.0,72.0,,50.0,59.0,0.0,7.0,,,MD,,0.0,24.34,29.96,2.5,33.0,8.6,2014,8,4
13,2014-08-05,81.0,58.0,69.5,,52.0,58.0,0.0,5.0,,,RA,,0.02,24.34,29.98,2.8,25.0,6.8,2014,8,5
13,2014-08-06,84.0,55.0,69.5,,48.0,57.0,0.0,5.0,,,TSRA,,0.13,24.35,29.98,1.2,20.0,6.6,2014,8,6
13,2014-08-07,79.0,52.0,65.5,,54.0,58.0,0.0,1.0,,,TS RA,,0.74,24.34,30.0,4.5,18.0,7.6,2014,8,7
13,2014-08-08,81.0,56.0,68.5,,49.0,57.0,0.0,4.0,,,MD,,0.005,24.31,29.96,6.6,19.0,7.6,2014,8,8
13,2014-08-09,83.0,53.0,68.0,,47.0,56.0,0.0,3.0,,,TSRA,,0.005,24.37,30.01,3.7,20.0,7.5,2014,8,9
13,2014-08-10,74.0,56.0,65.0,,50.0,56.0,0.0,0.0,,,TS,,0.005,24.52,30.21,1.8,28.0,5.4,2014,8,10
13,2014-08-11,81.0,53.0,67.0,,48.0,56.0,0.0,2.0,,,MD,,0.0,24.5,30.19,3.4,19.0,5.0,2014,8,11
13,2014-08-12,86.0,57.0,71.5,,44.0,56.0,0.0,7.0,,,MD,,0.0,24.42,30.07,4.1,15.0,6.9,2014,8,12
13,2014-08-13,88.0,60.0,74.0,,47.0,58.0,0.0,9.0,,,MD,,0.0,24.34,29.96,4.0,21.0,7.9,2014,8,13
13,2014-08-14,83.0,59.0,71.0,,53.0,60.0,0.0,6.0,,,RA,,0.01,24.31,29.9,3.1,30.0,8.4,2014,8,14
13,2014-08-15,87.0,57.0,72.0,,49.0,57.0,0.0,7.0,,,TSRA,,0.19,24.34,29.97,3.8,25.0,8.5,2014,8,15
13,2014-08-16,88.0,58.0,73.0,,43.0,56.0,0.0,8.0,,,MD,,0.0,24.36,29.98,2.3,21.0,5.2,2014,8,16
13,2014-08-17,89.0,59.0,74.0,,40.0,55.0,0.0,9.0,,,TS,,0.0,24.35,29.95,4.9,19.0,9.1,2014,8,17
13,2014-08-18,87.0,58.0,72.5,,40.0,54.0,0.0,8.0,,,MD,,0.005,24.29,29.89,6.1,23.0,8.6,2014,8,18
13,2014-08-19,89.0,55.0,72.0,,47.0,57.0,0.0,7.0,,,MD,,0.21,24.19,29.79,2.8,17.0,4.6,2014,8,19
13,2014-08-20,82.0,58.0,70.0,,50.0,58.0,0.0,5.0,,,RA,,0.01,24.19,29.78,0.7,17.0,5.6,2014,8,20
13,2014-08-21,84.0,55.0,69.5,,47.0,57.0,0.0,5.0,,,TS RA,,0.005,24.31,29.93,0.3,13.0,5.7,2014,8,21
13,2014-08-22,69.0,57.0,63.0,,55.0,58.0,2.0,0.0,,,RA,,0.06,24.31,29.96,4.4,14.0,5.7,2014,8,22
13,2014-08-23,79.0,52.0,65.5,,50.0,56.0,0.0,1.0,,,MD,,0.005,24.19,29.83,1.8,14.0,6.5,2014,8,23
13,2014-08-24,82.0,55.0,68.5,,42.0,54.0,0.0,4.0,,,MD,,0.005,24.25,29.88,1.2,13.0,5.0,2014,8,24
13,2014-08-25,76.0,53.0,64.5,,49.0,55.0,0.0,0.0,,,TS TSRA,,0.16,24.36,30.03,0.5,1.0,6.4,2014,8,25
13,2014-08-26,78.0,38.0,58.0,,53.0,58.0,7.0,-7.0,,,TS RA,,0.005,24.39,30.08,3.8,16.0,9.1,2014,8,26
13,2014-08-27,77.0,52.0,64.5,,52.0,57.0,0.0,0.0,,,MD,,0.03,24.34,30.01,2.6,33.0,7.2,2014,8,27
13,2014-08-28,72.0,49.0,60.5,,47.0,52.0,4.0,0.0,,,RA BR,,0.17,24.34,30.04,1.5,26.0,7.0,2014,8,28
13,2014-08-29,80.0,50.0,65.0,,43.0,53.0,0.0,0.0,,,TSRA,,0.06,24.32,30.0,3.8,23.0,9.2,2014,8,29
13,2014-08-30,85.0,51.0,68.0,,40.0,53.0,0.0,3.0,,,RA,,0.005,24.24,29.87,3.7,19.0,6.9,2014,8,30
13,2014-08-31,79.0,54.0,66.5,,46.0,54.0,0.0,2.0,,,MD,,0.0,24.17,29.78,2.3,9.0,7.9,2014,8,31
13,2014-09-01,78.0,49.0,63.5,,43.0,52.0,1.0,0.0,,,MD,,0.0,24.26,29.92,1.7,14.0,4.2,2014,9,1
13,2014-09-02,87.0,46.0,66.5,,42.0,54.0,0.0,2.0,,,MD,,0.0,24.25,29.89,5.0,16.0,8.0,2014,9,2
13,2014-09-03,92.0,58.0,75.0,,37.0,55.0,0.0,10.0,,,MD,,0.0,24.13,29.68,5.6,21.0,8.1,2014,9,3
13,2014-09-04,73.0,54.0,63.5,,45.0,53.0,1.0,0.0,,,TSRA RA,,0.24,24.32,29.93,2.7,4.0,5.5,2014,9,4
13,2014-09-05,64.0,50.0,57.0,,50.0,52.0,8.0,0.0,,,RA,,0.19,24.48,30.21,0.5,22.0,8.8,2014,9,5
13,2014-09-06,72.0,49.0,60.5,,49.0,53.0,4.0,0.0,,,MD,,0.0,24.47,30.22,3.5,19.0,6.1,2014,9,6
13,2014-09-07,81.0,50.0,65.5,,43.0,54.0,0.0,1.0,,,MD,,0.0,24.32,29.99,6.2,21.0,8.9,2014,9,7
13,2014-09-08,83.0,55.0,69.0,,45.0,56.0,0.0,4.0,,,MD,,0.005,24.24,29.87,3.6,22.0,6.4,2014,9,8
13,2014-09-09,78.0,56.0,67.0,,52.0,57.0,0.0,2.0,,,TSRA RA BR,,0.21,24.16,29.77,1.8,32.0,7.3,2014,9,9
13,2014-09-10,72.0,50.0,61.0,,48.0,53.0,4.0,0.0,,,RA BR,,0.21,24.29,29.98,4.6,15.0,7.4,2014,9,10
13,2014-09-11,56.0,35.0,45.5,,44.0,45.0,19.0,0.0,,,RA DZ SN FG BR,,0.07,24.44,30.18,8.2,1.0,10.0,2014,9,11
13,2014-09-12,47.0,32.0,39.5,,34.0,36.0,25.0,0.0,,,DZ SN BR,,0.02,24.52,30.43,1.8,11.0,6.1,2014,9,12
13,2014-09-13,78.0,35.0,56.5,,34.0,46.0,8.0,0.0,,,MD,,0.0,24.32,30.08,2.7,13.0,6.4,2014,9,13
13,2014-09-14,83.0,48.0,65.5,,36.0,51.0,0.0,1.0,,,MD,,0.0,24.31,29.96,2.9,21.0,7.1,2014,9,14
13,2014-09-15,75.0,49.0,62.0,,46.0,52.0,3.0,0.0,,,TS,,0.0,24.45,30.16,0.8,24.0,6.9,2014,9,15
13,2014-09-16,86.0,51.0,68.5,,39.0,53.0,0.0,4.0,,,MD,,0.0,24.34,30.0,4.6,19.0,8.6,2014,9,16
13,2014-09-17,87.0,53.0,70.0,,38.0,53.0,0.0,5.0,,,MD,,0.005,24.28,29.9,1.0,18.0,5.5,2014,9,17
13,2014-09-18,87.0,51.0,69.0,,38.0,53.0,0.0,4.0,,,MD,,0.0,24.23,29.83,6.9,17.0,8.6,2014,9,18
13,2014-09-19,86.0,58.0,72.0,,39.0,54.0,0.0,7.0,,,MD,,0.0,24.24,29.82,3.5,16.0,7.1,2014,9,19
13,2014-09-20,79.0,52.0,65.5,,49.0,56.0,0.0,1.0,,,TS TSRA,,0.08,24.42,30.09,1.2,35.0,5.8,2014,9,20
13,2014-09-21,75.0,54.0,64.5,,51.0,55.0,0.0,0.0,,,TSRA RA BR,,0.56,24.48,30.2,4.2,20.0,8.8,2014,9,21
13,2014-09-22,76.0,55.0,65.5,,50.0,56.0,0.0,1.0,,,TS RA,,0.03,24.34,30.03,6.0,16.0,9.8,2014,9,22
13,2014-09-23,79.0,54.0,66.5,,45.0,54.0,0.0,2.0,,,RA,,0.005,24.35,30.01,2.1,27.0,7.6,2014,9,23
13,2014-09-24,81.0,50.0,65.5,,42.0,53.0,0.0,1.0,,,MD,,0.0,24.43,30.11,3.5,15.0,5.6,2014,9,24
13,2014-09-25,85.0,53.0,69.0,,42.0,54.0,0.0,4.0,,,MD,,0.0,24.37,30.02,7.3,16.0,8.6,2014,9,25
13,2014-09-26,87.0,51.0,69.0,,40.0,53.0,0.0,4.0,,,MD,,0.0,24.26,29.89,4.8,14.0,8.3,2014,9,26
13,2014-09-27,84.0,51.0,67.5,,39.0,52.0,0.0,3.0,,,MD,,0.0,24.19,29.81,2.2,13.0,6.6,2014,9,27
13,2014-09-28,72.0,52.0,62.0,,49.0,54.0,3.0,0.0,,,TSRA BR,,0.08,24.26,29.91,5.0,31.0,6.6,2014,9,28
13,2014-09-29,62.0,45.0,53.5,,49.0,51.0,11.0,0.0,,,TS TSRA RA,,0.66,24.18,29.87,2.3,36.0,7.2,2014,9,29
13,2014-09-30,65.0,40.0,52.5,,35.0,45.0,12.0,0.0,,,MD,,0.005,24.08,29.78,2.4,22.0,6.8,2014,9,30
13,2014-10-01,66.0,40.0,53.0,,38.0,43.0,12.0,0.0,,,RA BR,,0.73,24.16,29.86,0.9,20.0,8.1,2014,10,1
13,2014-10-02,63.0,35.0,49.0,,30.0,40.0,16.0,0.0,,,MD,,0.005,24.31,30.09,2.2,29.0,6.9,2014,10,2
13,2014-10-03,60.0,32.0,46.0,,31.0,38.0,19.0,0.0,,,MD,,0.0,24.46,30.31,3.3,12.0,6.5,2014,10,3
13,2014-10-04,71.0,37.0,54.0,,30.0,43.0,11.0,0.0,,,MD,,0.0,24.29,30.03,0.9,29.0,5.7,2014,10,4
13,2014-10-05,71.0,39.0,55.0,,33.0,45.0,10.0,0.0,,,MD,,0.0,24.25,29.95,1.8,31.0,6.1,2014,10,5
13,2014-10-06,76.0,40.0,58.0,,31.0,46.0,7.0,0.0,,,MD,,0.0,24.19,29.86,5.3,29.0,8.4,2014,10,6
13,2014-10-07,76.0,43.0,59.5,,32.0,46.0,5.0,0.0,,,MD,,0.0,24.27,29.94,5.1,17.0,6.5,2014,10,7
13,2014-10-08,72.0,47.0,59.5,,38.0,48.0,5.0,0.0,,,MD,,0.0,24.26,29.94,2.1,19.0,4.7,2014,10,8
13,2014-10-09,59.0,48.0,53.5,,44.0,48.0,11.0,0.0,,,TSRA RA BR,,0.49,24.32,30.03,3.6,29.0,6.3,2014,10,9
13,2014-10-10,56.0,43.0,49.5,,44.0,46.0,15.0,0.0,,,RA,,0.01,24.37,30.15,5.8,15.0,7.7,2014,10,10
13,2014-10-11,70.0,39.0,54.5,,38.0,46.0,10.0,0.0,,,MD,,0.0,24.2,29.94,3.2,19.0,6.9,2014,10,11
13,2014-10-12,56.0,40.0,48.0,,34.0,41.0,17.0,0.0,,,TSRA RA,,0.16,24.11,29.8,6.3,34.0,11.8,2014,10,12
13,2014-10-13,55.0,35.0,45.0,,30.0,38.0,20.0,0.0,,,MD,,0.0,24.36,30.18,2.0,33.0,6.0,2014,10,13
13,2014-10-14,71.0,36.0,53.5,,28.0,42.0,11.0,0.0,,,MD,,0.0,24.34,30.11,4.6,19.0,5.8,2014,10,14
13,2014-10-15,81.0,40.0,60.5,,30.0,46.0,4.0,0.0,,,MD,,0.0,24.19,29.87,7.0,20.0,9.1,2014,10,15
13,2014-10-16,70.0,40.0,55.0,,31.0,44.0,10.0,0.0,,,MD,,0.0,24.25,29.93,4.6,12.0,7.9,2014,10,16
13,2014-10-17,61.0,37.0,49.0,,34.0,42.0,16.0,0.0,,,MD,,0.0,24.35,30.11,3.2,29.0,6.6,2014,10,17
13,2014-10-18,70.0,40.0,55.0,,36.0,44.0,10.0,0.0,,,MD,,0.0,24.29,30.05,2.6,18.0,6.0,2014,10,18
13,2014-10-19,72.0,41.0,56.5,,34.0,45.0,8.0,0.0,,,MD,,0.0,24.32,30.04,2.2,18.0,4.7,2014,10,19
13,2014-10-20,73.0,44.0,58.5,,36.0,47.0,6.0,0.0,,,MD,,0.0,24.31,30.01,11.0,17.0,11.4,2014,10,20
13,2014-10-21,74.0,47.0,60.5,,37.0,48.0,4.0,0.0,,,RA,,0.005,24.19,29.86,3.4,20.0,7.1,2014,10,21
13,2014-10-22,70.0,44.0,57.0,,38.0,47.0,8.0,0.0,,,MD,,0.005,24.29,29.99,1.1,13.0,5.8,2014,10,22
13,2014-10-23,72.0,39.0,55.5,,32.0,45.0,9.0,0.0,,,MD,,0.0,24.33,30.06,4.5,19.0,6.2,2014,10,23
13,2014-10-24,79.0,50.0,64.5,,25.0,45.0,0.0,0.0,,,MD,,0.0,24.37,30.04,5.0,17.0,7.8,2014,10,24
13,2014-10-25,77.0,39.0,58.0,,23.0,43.0,7.0,0.0,,,MD,,0.0,24.31,30.02,6.9,17.0,9.2,2014,10,25
13,2014-10-26,77.0,49.0,63.0,,28.0,46.0,2.0,0.0,,,MD,,0.0,24.06,29.68,3.8,23.0,9.6,2014,10,26
13,2014-10-27,50.0,32.0,41.0,,33.0,37.0,24.0,0.0,,,RA,,0.05,24.2,29.94,5.9,13.0,8.7,2014,10,27
13,2014-10-28,59.0,31.0,45.0,,24.0,35.0,20.0,0.0,,,MD,,0.0,24.34,30.17,4.3,15.0,5.7,2014,10,28
13,2014-10-29,69.0,29.0,49.0,,18.0,37.0,16.0,0.0,,,MD,,0.0,24.34,30.12,1.6,15.0,6.3,2014,10,29
13,2014-10-30,61.0,32.0,46.5,,26.0,38.0,18.0,0.0,,,MD,,0.0,24.51,30.31,4.8,13.0,6.7,2014,10,30
13,2014-10-31,58.0,35.0,46.5,,28.0,37.0,18.0,0.0,,,MD,,0.0,24.36,30.18,6.1,17.0,7.2,2014,10,31
